,Size (MB),File Type,File Format,Bio Rep No,Tech Rep No,Biosource Type,Organism,File Status,Publication,Experiment Type,Replicate Info,Assay Details,Biosource,Dataset,Condition,In Experiment As,Project,Notes
0,2993.81,reads,fastq,1,1,immortalized cell line,human,released,Kim HJ et al. (2020),sci-Hi-C,,,multiple,multiple,multiple,raw file,4DN,
1,3236.45,reads,fastq,1,1,immortalized cell line,human,released,Kim HJ et al. (2020),sci-Hi-C,,,multiple,multiple,multiple,raw file,4DN,
2,3255.06,reads,fastq,1,1,immortalized cell line,human,released,Kim HJ et al. (2020),sci-Hi-C,,,multiple,multiple,multiple,raw file,4DN,
3,3001.59,reads,fastq,1,1,immortalized cell line,human,released,Kim HJ et al. (2020),sci-Hi-C,,,multiple,multiple,multiple,raw file,4DN,
4,0.0,barcodes,txt,1,1,immortalized cell line,human,released,Kim HJ et al. (2020),,,,,,,,4DN,
5,0.0,barcodes,txt,1,1,immortalized cell line,human,released,Kim HJ et al. (2020),,,,,,,,4DN,
6,0.0,barcodes,txt,1,1,immortalized cell line,human,released,Kim HJ et al. (2020),,,,,,,,4DN,
7,22026.73,reads,fastq,1,2,immortalized cell line,human,released,Kim HJ et al. (2020),sci-Hi-C,,,multiple,multiple,multiple,raw file,4DN,
8,16828.99,reads,fastq,1,2,immortalized cell line,human,released,Kim HJ et al. (2020),sci-Hi-C,,,multiple,multiple,multiple,raw file,4DN,
9,20154.03,reads,fastq,1,2,immortalized cell line,human,released,Kim HJ et al. (2020),sci-Hi-C,,,multiple,multiple,multiple,raw file,4DN,
10,15203.73,reads,fastq,1,2,immortalized cell line,human,released,Kim HJ et al. (2020),sci-Hi-C,,,multiple,multiple,multiple,raw file,4DN,
11,13078.31,reads,fastq,1,2,primary cell line,human,released,Kim HJ et al. (2020),sci-Hi-C,,,multiple,multiple,multiple,raw file,4DN,
12,11891.56,reads,fastq,1,2,primary cell line,human,released,Kim HJ et al. (2020),sci-Hi-C,,,multiple,multiple,multiple,raw file,4DN,
13,11919.46,reads,fastq,1,2,primary cell line,human,released,Kim HJ et al. (2020),sci-Hi-C,,,multiple,multiple,multiple,raw file,4DN,
14,10965.52,reads,fastq,1,2,primary cell line,human,released,Kim HJ et al. (2020),sci-Hi-C,,,multiple,multiple,multiple,raw file,4DN,
15,0.0,barcodes,txt,1,2,primary cell line,human,released,Kim HJ et al. (2020),,,,,,,,4DN,
16,21079.47,reads,fastq,1,1,induced pluripotent stem cell,human,released,Correspondence: shendure@uw.edu,sci-Hi-C,"Biorep 1, Techrep 1",DpnII,WTC-11 with MYL2-EGFP,sciHi-C on WTC-11 mEGFP cells,3% PF fixation,raw file,4DN,
17,23010.8,reads,fastq,1,1,induced pluripotent stem cell,human,released,Correspondence: shendure@uw.edu,sci-Hi-C,"Biorep 1, Techrep 1",DpnII,WTC-11 with MYL2-EGFP,sciHi-C on WTC-11 mEGFP cells,3% PF fixation,raw file,4DN,
18,21625.92,reads,fastq,1,1,induced pluripotent stem cell,human,released,Correspondence: shendure@uw.edu,sci-Hi-C,"Biorep 1, Techrep 1",DpnII,WTC-11 with MYL2-EGFP,sciHi-C on WTC-11 mEGFP cells,3% PF fixation,raw file,4DN,
19,22302.91,reads,fastq,1,1,induced pluripotent stem cell,human,released,Correspondence: shendure@uw.edu,sci-Hi-C,"Biorep 1, Techrep 1",DpnII,WTC-11 with MYL2-EGFP,sciHi-C on WTC-11 mEGFP cells,3% PF fixation,raw file,4DN,
20,0.0,barcodes,txt,1,1,induced pluripotent stem cell,human,released,Correspondence: shendure@uw.edu,,,,,,,,4DN,
21,532.94,reads,fastq,1,1,induced pluripotent stem cell,human,released,Correspondence: biren@ucsd.edu,sn-Hi-C,"Biorep 1, Techrep 1",MboI,WTC-11 AAVS1-GFP C28,Single nucleus Hi-C on WTC-11 with GFP tagged AAVS1,clone 28,raw file,4DN,
22,691.76,reads,fastq,1,1,induced pluripotent stem cell,human,released,Correspondence: biren@ucsd.edu,sn-Hi-C,"Biorep 1, Techrep 1",MboI,WTC-11 AAVS1-GFP C28,Single nucleus Hi-C on WTC-11 with GFP tagged AAVS1,clone 28,raw file,4DN,
23,523.39,reads,fastq,1,1,induced pluripotent stem cell,human,released,Correspondence: biren@ucsd.edu,sn-Hi-C,"Biorep 1, Techrep 1",MboI,WTC-11 AAVS1-GFP C28,Single nucleus Hi-C on WTC-11 with GFP tagged AAVS1,clone 28,raw file,4DN,
24,830.82,reads,fastq,1,1,induced pluripotent stem cell,human,released,Correspondence: biren@ucsd.edu,sn-Hi-C,"Biorep 1, Techrep 1",MboI,WTC-11 AAVS1-GFP C28,Single nucleus Hi-C on WTC-11 with GFP tagged AAVS1,clone 28,raw file,4DN,
25,447.16,reads,fastq,1,1,induced pluripotent stem cell,human,released,Correspondence: biren@ucsd.edu,sn-Hi-C,"Biorep 1, Techrep 1",MboI,WTC-11 AAVS1-GFP C28,Single nucleus Hi-C on WTC-11 with GFP tagged AAVS1,clone 28,raw file,4DN,
26,473.4,reads,fastq,1,1,induced pluripotent stem cell,human,released,Correspondence: biren@ucsd.edu,sn-Hi-C,"Biorep 1, Techrep 1",MboI,WTC-11 AAVS1-GFP C28,Single nucleus Hi-C on WTC-11 with GFP tagged AAVS1,clone 28,raw file,4DN,
27,559.05,reads,fastq,1,1,induced pluripotent stem cell,human,released,Correspondence: biren@ucsd.edu,sn-Hi-C,"Biorep 1, Techrep 1",MboI,WTC-11 AAVS1-GFP C28,Single nucleus Hi-C on WTC-11 with GFP tagged AAVS1,clone 28,raw file,4DN,
28,569.76,reads,fastq,1,1,induced pluripotent stem cell,human,released,Correspondence: biren@ucsd.edu,sn-Hi-C,"Biorep 1, Techrep 1",MboI,WTC-11 AAVS1-GFP C28,Single nucleus Hi-C on WTC-11 with GFP tagged AAVS1,clone 28,raw file,4DN,
29,994.33,reads,fastq,1,1,induced pluripotent stem cell,human,released,Correspondence: biren@ucsd.edu,sn-Hi-C,"Biorep 1, Techrep 1",MboI,WTC-11 AAVS1-GFP C28,Single nucleus Hi-C on WTC-11 with GFP tagged AAVS1,clone 28,raw file,4DN,
30,367.35,reads,fastq,1,1,induced pluripotent stem cell,human,released,Correspondence: biren@ucsd.edu,sn-Hi-C,"Biorep 1, Techrep 1",MboI,WTC-11 AAVS1-GFP C28,Single nucleus Hi-C on WTC-11 with GFP tagged AAVS1,clone 28,raw file,4DN,
31,639.22,reads,fastq,1,1,induced pluripotent stem cell,human,released,Correspondence: biren@ucsd.edu,sn-Hi-C,"Biorep 1, Techrep 1",MboI,WTC-11 AAVS1-GFP C28,Single nucleus Hi-C on WTC-11 with GFP tagged AAVS1,clone 28,raw file,4DN,
32,381.52,reads,fastq,1,1,induced pluripotent stem cell,human,released,Correspondence: biren@ucsd.edu,sn-Hi-C,"Biorep 1, Techrep 1",MboI,WTC-11 AAVS1-GFP C28,Single nucleus Hi-C on WTC-11 with GFP tagged AAVS1,clone 28,raw file,4DN,
33,631.47,reads,fastq,1,1,induced pluripotent stem cell,human,released,Correspondence: biren@ucsd.edu,sn-Hi-C,"Biorep 1, Techrep 1",MboI,WTC-11 AAVS1-GFP C28,Single nucleus Hi-C on WTC-11 with GFP tagged AAVS1,clone 28,raw file,4DN,
34,480.07,reads,fastq,1,1,induced pluripotent stem cell,human,released,Correspondence: biren@ucsd.edu,sn-Hi-C,"Biorep 1, Techrep 1",MboI,WTC-11 AAVS1-GFP C28,Single nucleus Hi-C on WTC-11 with GFP tagged AAVS1,clone 28,raw file,4DN,
35,459.31,reads,fastq,1,1,induced pluripotent stem cell,human,released,Correspondence: biren@ucsd.edu,sn-Hi-C,"Biorep 1, Techrep 1",MboI,WTC-11 AAVS1-GFP C28,Single nucleus Hi-C on WTC-11 with GFP tagged AAVS1,clone 28,raw file,4DN,
36,362.9,reads,fastq,1,1,induced pluripotent stem cell,human,released,Correspondence: biren@ucsd.edu,sn-Hi-C,"Biorep 1, Techrep 1",MboI,WTC-11 AAVS1-GFP C28,Single nucleus Hi-C on WTC-11 with GFP tagged AAVS1,clone 28,raw file,4DN,
37,889.87,reads,fastq,1,1,induced pluripotent stem cell,human,released,Correspondence: biren@ucsd.edu,sn-Hi-C,"Biorep 1, Techrep 1",MboI,WTC-11 AAVS1-GFP C28,Single nucleus Hi-C on WTC-11 with GFP tagged AAVS1,clone 28,raw file,4DN,
38,549.18,reads,fastq,1,1,induced pluripotent stem cell,human,released,Correspondence: biren@ucsd.edu,sn-Hi-C,"Biorep 1, Techrep 1",MboI,WTC-11 AAVS1-GFP C28,Single nucleus Hi-C on WTC-11 with GFP tagged AAVS1,clone 28,raw file,4DN,
39,345.99,reads,fastq,1,1,induced pluripotent stem cell,human,released,Correspondence: biren@ucsd.edu,sn-Hi-C,"Biorep 1, Techrep 1",MboI,WTC-11 AAVS1-GFP C28,Single nucleus Hi-C on WTC-11 with GFP tagged AAVS1,clone 28,raw file,4DN,
40,742.21,reads,fastq,1,1,induced pluripotent stem cell,human,released,Correspondence: biren@ucsd.edu,sn-Hi-C,"Biorep 1, Techrep 1",MboI,WTC-11 AAVS1-GFP C28,Single nucleus Hi-C on WTC-11 with GFP tagged AAVS1,clone 28,raw file,4DN,
41,736.02,reads,fastq,1,1,induced pluripotent stem cell,human,released,Correspondence: biren@ucsd.edu,sn-Hi-C,"Biorep 1, Techrep 1",MboI,WTC-11 AAVS1-GFP C28,Single nucleus Hi-C on WTC-11 with GFP tagged AAVS1,clone 28,raw file,4DN,
42,674.9,reads,fastq,1,1,induced pluripotent stem cell,human,released,Correspondence: biren@ucsd.edu,sn-Hi-C,"Biorep 1, Techrep 1",MboI,WTC-11 AAVS1-GFP C28,Single nucleus Hi-C on WTC-11 with GFP tagged AAVS1,clone 28,raw file,4DN,
43,224.48,reads,fastq,1,1,induced pluripotent stem cell,human,released,Correspondence: biren@ucsd.edu,sn-Hi-C,"Biorep 1, Techrep 1",MboI,WTC-11 AAVS1-GFP C28,Single nucleus Hi-C on WTC-11 with GFP tagged AAVS1,clone 28,raw file,4DN,
44,558.2,reads,fastq,1,1,induced pluripotent stem cell,human,released,Correspondence: biren@ucsd.edu,sn-Hi-C,"Biorep 1, Techrep 1",MboI,WTC-11 AAVS1-GFP C28,Single nucleus Hi-C on WTC-11 with GFP tagged AAVS1,clone 28,raw file,4DN,
45,471.34,reads,fastq,1,1,induced pluripotent stem cell,human,released,Correspondence: biren@ucsd.edu,sn-Hi-C,"Biorep 1, Techrep 1",MboI,WTC-11 AAVS1-GFP C28,Single nucleus Hi-C on WTC-11 with GFP tagged AAVS1,clone 28,raw file,4DN,
46,830.54,reads,fastq,1,1,induced pluripotent stem cell,human,released,Correspondence: biren@ucsd.edu,sn-Hi-C,"Biorep 1, Techrep 1",MboI,WTC-11 AAVS1-GFP C28,Single nucleus Hi-C on WTC-11 with GFP tagged AAVS1,clone 28,raw file,4DN,
47,594.71,reads,fastq,1,1,induced pluripotent stem cell,human,released,Correspondence: biren@ucsd.edu,sn-Hi-C,"Biorep 1, Techrep 1",MboI,WTC-11 AAVS1-GFP C28,Single nucleus Hi-C on WTC-11 with GFP tagged AAVS1,clone 28,raw file,4DN,
48,450.62,reads,fastq,1,1,induced pluripotent stem cell,human,released,Correspondence: biren@ucsd.edu,sn-Hi-C,"Biorep 1, Techrep 1",MboI,WTC-11 AAVS1-GFP C28,Single nucleus Hi-C on WTC-11 with GFP tagged AAVS1,clone 28,raw file,4DN,
49,777.14,reads,fastq,1,1,induced pluripotent stem cell,human,released,Correspondence: biren@ucsd.edu,sn-Hi-C,"Biorep 1, Techrep 1",MboI,WTC-11 AAVS1-GFP C28,Single nucleus Hi-C on WTC-11 with GFP tagged AAVS1,clone 28,raw file,4DN,
50,648.03,reads,fastq,1,1,induced pluripotent stem cell,human,released,Correspondence: biren@ucsd.edu,sn-Hi-C,"Biorep 1, Techrep 1",MboI,WTC-11 AAVS1-GFP C28,Single nucleus Hi-C on WTC-11 with GFP tagged AAVS1,clone 28,raw file,4DN,
51,402.93,reads,fastq,1,1,induced pluripotent stem cell,human,released,Correspondence: biren@ucsd.edu,sn-Hi-C,"Biorep 1, Techrep 1",MboI,WTC-11 AAVS1-GFP C28,Single nucleus Hi-C on WTC-11 with GFP tagged AAVS1,clone 28,raw file,4DN,
52,849.26,reads,fastq,1,1,induced pluripotent stem cell,human,released,Correspondence: biren@ucsd.edu,sn-Hi-C,"Biorep 1, Techrep 1",MboI,WTC-11 AAVS1-GFP C28,Single nucleus Hi-C on WTC-11 with GFP tagged AAVS1,clone 28,raw file,4DN,
53,996.08,reads,fastq,1,1,induced pluripotent stem cell,human,released,Correspondence: biren@ucsd.edu,sn-Hi-C,"Biorep 1, Techrep 1",MboI,WTC-11 AAVS1-GFP C28,Single nucleus Hi-C on WTC-11 with GFP tagged AAVS1,clone 28,raw file,4DN,
54,485.46,reads,fastq,1,1,induced pluripotent stem cell,human,released,Correspondence: biren@ucsd.edu,sn-Hi-C,"Biorep 1, Techrep 1",MboI,WTC-11 AAVS1-GFP C28,Single nucleus Hi-C on WTC-11 with GFP tagged AAVS1,clone 28,raw file,4DN,
55,667.33,reads,fastq,1,1,induced pluripotent stem cell,human,released,Correspondence: biren@ucsd.edu,sn-Hi-C,"Biorep 1, Techrep 1",MboI,WTC-11 AAVS1-GFP C28,Single nucleus Hi-C on WTC-11 with GFP tagged AAVS1,clone 28,raw file,4DN,
56,643.61,reads,fastq,1,1,induced pluripotent stem cell,human,released,Correspondence: biren@ucsd.edu,sn-Hi-C,"Biorep 1, Techrep 1",MboI,WTC-11 AAVS1-GFP C28,Single nucleus Hi-C on WTC-11 with GFP tagged AAVS1,clone 28,raw file,4DN,
57,683.73,reads,fastq,1,1,induced pluripotent stem cell,human,released,Correspondence: biren@ucsd.edu,sn-Hi-C,"Biorep 1, Techrep 1",MboI,WTC-11 AAVS1-GFP C28,Single nucleus Hi-C on WTC-11 with GFP tagged AAVS1,clone 28,raw file,4DN,
58,814.64,reads,fastq,1,1,induced pluripotent stem cell,human,released,Correspondence: biren@ucsd.edu,sn-Hi-C,"Biorep 1, Techrep 1",MboI,WTC-11 AAVS1-GFP C28,Single nucleus Hi-C on WTC-11 with GFP tagged AAVS1,clone 28,raw file,4DN,
59,714.34,reads,fastq,1,1,induced pluripotent stem cell,human,released,Correspondence: biren@ucsd.edu,sn-Hi-C,"Biorep 1, Techrep 1",MboI,WTC-11 AAVS1-GFP C28,Single nucleus Hi-C on WTC-11 with GFP tagged AAVS1,clone 28,raw file,4DN,
60,900.41,reads,fastq,1,1,induced pluripotent stem cell,human,released,Correspondence: biren@ucsd.edu,sn-Hi-C,"Biorep 1, Techrep 1",MboI,WTC-11 AAVS1-GFP C28,Single nucleus Hi-C on WTC-11 with GFP tagged AAVS1,clone 28,raw file,4DN,
61,704.86,reads,fastq,1,1,induced pluripotent stem cell,human,released,Correspondence: biren@ucsd.edu,sn-Hi-C,"Biorep 1, Techrep 1",MboI,WTC-11 AAVS1-GFP C28,Single nucleus Hi-C on WTC-11 with GFP tagged AAVS1,clone 28,raw file,4DN,
62,551.12,reads,fastq,1,1,induced pluripotent stem cell,human,released,Correspondence: biren@ucsd.edu,sn-Hi-C,"Biorep 1, Techrep 1",MboI,WTC-11 AAVS1-GFP C28,Single nucleus Hi-C on WTC-11 with GFP tagged AAVS1,clone 28,raw file,4DN,
63,935.3,reads,fastq,1,1,induced pluripotent stem cell,human,released,Correspondence: biren@ucsd.edu,sn-Hi-C,"Biorep 1, Techrep 1",MboI,WTC-11 AAVS1-GFP C28,Single nucleus Hi-C on WTC-11 with GFP tagged AAVS1,clone 28,raw file,4DN,
64,1074.86,reads,fastq,1,1,induced pluripotent stem cell,human,released,Correspondence: biren@ucsd.edu,sn-Hi-C,"Biorep 1, Techrep 1",MboI,WTC-11 AAVS1-GFP C28,Single nucleus Hi-C on WTC-11 with GFP tagged AAVS1,clone 28,raw file,4DN,
65,215.6,reads,fastq,1,1,induced pluripotent stem cell,human,released,Correspondence: biren@ucsd.edu,sn-Hi-C,"Biorep 1, Techrep 1",MboI,WTC-11 AAVS1-GFP C28,Single nucleus Hi-C on WTC-11 with GFP tagged AAVS1,clone 28,raw file,4DN,
66,923.12,reads,fastq,1,1,induced pluripotent stem cell,human,released,Correspondence: biren@ucsd.edu,sn-Hi-C,"Biorep 1, Techrep 1",MboI,WTC-11 AAVS1-GFP C28,Single nucleus Hi-C on WTC-11 with GFP tagged AAVS1,clone 28,raw file,4DN,
67,663.67,reads,fastq,1,1,induced pluripotent stem cell,human,released,Correspondence: biren@ucsd.edu,sn-Hi-C,"Biorep 1, Techrep 1",MboI,WTC-11 AAVS1-GFP C28,Single nucleus Hi-C on WTC-11 with GFP tagged AAVS1,clone 28,raw file,4DN,
68,729.83,reads,fastq,1,1,induced pluripotent stem cell,human,released,Correspondence: biren@ucsd.edu,sn-Hi-C,"Biorep 1, Techrep 1",MboI,WTC-11 AAVS1-GFP C28,Single nucleus Hi-C on WTC-11 with GFP tagged AAVS1,clone 28,raw file,4DN,
69,825.26,reads,fastq,1,1,induced pluripotent stem cell,human,released,Correspondence: biren@ucsd.edu,sn-Hi-C,"Biorep 1, Techrep 1",MboI,WTC-11 AAVS1-GFP C28,Single nucleus Hi-C on WTC-11 with GFP tagged AAVS1,clone 28,raw file,4DN,
70,734.95,reads,fastq,1,1,induced pluripotent stem cell,human,released,Correspondence: biren@ucsd.edu,sn-Hi-C,"Biorep 1, Techrep 1",MboI,WTC-11 AAVS1-GFP C28,Single nucleus Hi-C on WTC-11 with GFP tagged AAVS1,clone 28,raw file,4DN,
71,718.81,reads,fastq,1,1,induced pluripotent stem cell,human,released,Correspondence: biren@ucsd.edu,sn-Hi-C,"Biorep 1, Techrep 1",MboI,WTC-11 AAVS1-GFP C28,Single nucleus Hi-C on WTC-11 with GFP tagged AAVS1,clone 28,raw file,4DN,
72,859.1,reads,fastq,1,1,induced pluripotent stem cell,human,released,Correspondence: biren@ucsd.edu,sn-Hi-C,"Biorep 1, Techrep 1",MboI,WTC-11 AAVS1-GFP C28,Single nucleus Hi-C on WTC-11 with GFP tagged AAVS1,clone 28,raw file,4DN,
73,394.59,reads,fastq,1,1,induced pluripotent stem cell,human,released,Correspondence: biren@ucsd.edu,sn-Hi-C,"Biorep 1, Techrep 1",MboI,WTC-11 AAVS1-GFP C28,Single nucleus Hi-C on WTC-11 with GFP tagged AAVS1,clone 28,raw file,4DN,
74,509.38,reads,fastq,1,1,induced pluripotent stem cell,human,released,Correspondence: biren@ucsd.edu,sn-Hi-C,"Biorep 1, Techrep 1",MboI,WTC-11 AAVS1-GFP C28,Single nucleus Hi-C on WTC-11 with GFP tagged AAVS1,clone 28,raw file,4DN,
75,328.57,reads,fastq,1,1,induced pluripotent stem cell,human,released,Correspondence: biren@ucsd.edu,sn-Hi-C,"Biorep 1, Techrep 1",MboI,WTC-11 AAVS1-GFP C28,Single nucleus Hi-C on WTC-11 with GFP tagged AAVS1,clone 28,raw file,4DN,
76,789.52,reads,fastq,1,1,induced pluripotent stem cell,human,released,Correspondence: biren@ucsd.edu,sn-Hi-C,"Biorep 1, Techrep 1",MboI,WTC-11 AAVS1-GFP C28,Single nucleus Hi-C on WTC-11 with GFP tagged AAVS1,clone 28,raw file,4DN,
77,680.82,reads,fastq,1,1,induced pluripotent stem cell,human,released,Correspondence: biren@ucsd.edu,sn-Hi-C,"Biorep 1, Techrep 1",MboI,WTC-11 AAVS1-GFP C28,Single nucleus Hi-C on WTC-11 with GFP tagged AAVS1,clone 28,raw file,4DN,
78,791.19,reads,fastq,1,1,induced pluripotent stem cell,human,released,Correspondence: biren@ucsd.edu,sn-Hi-C,"Biorep 1, Techrep 1",MboI,WTC-11 AAVS1-GFP C28,Single nucleus Hi-C on WTC-11 with GFP tagged AAVS1,clone 28,raw file,4DN,
79,637.55,reads,fastq,1,1,induced pluripotent stem cell,human,released,Correspondence: biren@ucsd.edu,sn-Hi-C,"Biorep 1, Techrep 1",MboI,WTC-11 AAVS1-GFP C28,Single nucleus Hi-C on WTC-11 with GFP tagged AAVS1,clone 28,raw file,4DN,
80,685.81,reads,fastq,1,1,induced pluripotent stem cell,human,released,Correspondence: biren@ucsd.edu,sn-Hi-C,"Biorep 1, Techrep 1",MboI,WTC-11 AAVS1-GFP C28,Single nucleus Hi-C on WTC-11 with GFP tagged AAVS1,clone 28,raw file,4DN,
81,519.25,reads,fastq,1,1,induced pluripotent stem cell,human,released,Correspondence: biren@ucsd.edu,sn-Hi-C,"Biorep 1, Techrep 1",MboI,WTC-11 AAVS1-GFP C28,Single nucleus Hi-C on WTC-11 with GFP tagged AAVS1,clone 28,raw file,4DN,
82,867.63,reads,fastq,1,1,induced pluripotent stem cell,human,released,Correspondence: biren@ucsd.edu,sn-Hi-C,"Biorep 1, Techrep 1",MboI,WTC-11 AAVS1-GFP C28,Single nucleus Hi-C on WTC-11 with GFP tagged AAVS1,clone 28,raw file,4DN,
83,608.15,reads,fastq,1,1,induced pluripotent stem cell,human,released,Correspondence: biren@ucsd.edu,sn-Hi-C,"Biorep 1, Techrep 1",MboI,WTC-11 AAVS1-GFP C28,Single nucleus Hi-C on WTC-11 with GFP tagged AAVS1,clone 28,raw file,4DN,
84,525.48,reads,fastq,1,1,induced pluripotent stem cell,human,released,Correspondence: biren@ucsd.edu,sn-Hi-C,"Biorep 1, Techrep 1",MboI,WTC-11 AAVS1-GFP C28,Single nucleus Hi-C on WTC-11 with GFP tagged AAVS1,clone 28,raw file,4DN,
85,640.68,reads,fastq,1,1,induced pluripotent stem cell,human,released,Correspondence: biren@ucsd.edu,sn-Hi-C,"Biorep 1, Techrep 1",MboI,WTC-11 AAVS1-GFP C28,Single nucleus Hi-C on WTC-11 with GFP tagged AAVS1,clone 28,raw file,4DN,
86,454.52,reads,fastq,1,1,induced pluripotent stem cell,human,released,Correspondence: biren@ucsd.edu,sn-Hi-C,"Biorep 1, Techrep 1",MboI,WTC-11 AAVS1-GFP C28,Single nucleus Hi-C on WTC-11 with GFP tagged AAVS1,clone 28,raw file,4DN,
87,789.24,reads,fastq,1,1,induced pluripotent stem cell,human,released,Correspondence: biren@ucsd.edu,sn-Hi-C,"Biorep 1, Techrep 1",MboI,WTC-11 AAVS1-GFP C28,Single nucleus Hi-C on WTC-11 with GFP tagged AAVS1,clone 28,raw file,4DN,
88,633.53,reads,fastq,1,1,induced pluripotent stem cell,human,released,Correspondence: biren@ucsd.edu,sn-Hi-C,"Biorep 1, Techrep 1",MboI,WTC-11 AAVS1-GFP C28,Single nucleus Hi-C on WTC-11 with GFP tagged AAVS1,clone 28,raw file,4DN,
89,907.98,reads,fastq,1,1,induced pluripotent stem cell,human,released,Correspondence: biren@ucsd.edu,sn-Hi-C,"Biorep 1, Techrep 1",MboI,WTC-11 AAVS1-GFP C28,Single nucleus Hi-C on WTC-11 with GFP tagged AAVS1,clone 28,raw file,4DN,
90,616.35,reads,fastq,1,1,induced pluripotent stem cell,human,released,Correspondence: biren@ucsd.edu,sn-Hi-C,"Biorep 1, Techrep 1",MboI,WTC-11 AAVS1-GFP C28,Single nucleus Hi-C on WTC-11 with GFP tagged AAVS1,clone 28,raw file,4DN,
91,498.13,reads,fastq,1,1,induced pluripotent stem cell,human,released,Correspondence: biren@ucsd.edu,sn-Hi-C,"Biorep 1, Techrep 1",MboI,WTC-11 AAVS1-GFP C28,Single nucleus Hi-C on WTC-11 with GFP tagged AAVS1,clone 28,raw file,4DN,
92,937.7,reads,fastq,1,1,induced pluripotent stem cell,human,released,Correspondence: biren@ucsd.edu,sn-Hi-C,"Biorep 1, Techrep 1",MboI,WTC-11 AAVS1-GFP C28,Single nucleus Hi-C on WTC-11 with GFP tagged AAVS1,clone 28,raw file,4DN,
93,484.02,reads,fastq,1,1,induced pluripotent stem cell,human,released,Correspondence: biren@ucsd.edu,sn-Hi-C,"Biorep 1, Techrep 1",MboI,WTC-11 AAVS1-GFP C28,Single nucleus Hi-C on WTC-11 with GFP tagged AAVS1,clone 28,raw file,4DN,
94,641.57,reads,fastq,1,1,induced pluripotent stem cell,human,released,Correspondence: biren@ucsd.edu,sn-Hi-C,"Biorep 1, Techrep 1",MboI,WTC-11 AAVS1-GFP C28,Single nucleus Hi-C on WTC-11 with GFP tagged AAVS1,clone 28,raw file,4DN,
95,606.89,reads,fastq,1,1,induced pluripotent stem cell,human,released,Correspondence: biren@ucsd.edu,sn-Hi-C,"Biorep 1, Techrep 1",MboI,WTC-11 AAVS1-GFP C28,Single nucleus Hi-C on WTC-11 with GFP tagged AAVS1,clone 28,raw file,4DN,
96,475.27,reads,fastq,1,1,induced pluripotent stem cell,human,released,Correspondence: biren@ucsd.edu,sn-Hi-C,"Biorep 1, Techrep 1",MboI,WTC-11 AAVS1-GFP C28,Single nucleus Hi-C on WTC-11 with GFP tagged AAVS1,clone 28,raw file,4DN,
97,194.28,reads,fastq,1,1,induced pluripotent stem cell,human,released,Correspondence: biren@ucsd.edu,sn-Hi-C,"Biorep 1, Techrep 1",MboI,WTC-11 AAVS1-GFP C28,Single nucleus Hi-C on WTC-11 with GFP tagged AAVS1,clone 28,raw file,4DN,
98,753.4,reads,fastq,1,1,induced pluripotent stem cell,human,released,Correspondence: biren@ucsd.edu,sn-Hi-C,"Biorep 1, Techrep 1",MboI,WTC-11 AAVS1-GFP C28,Single nucleus Hi-C on WTC-11 with GFP tagged AAVS1,clone 28,raw file,4DN,
99,707.69,reads,fastq,1,1,induced pluripotent stem cell,human,released,Correspondence: biren@ucsd.edu,sn-Hi-C,"Biorep 1, Techrep 1",MboI,WTC-11 AAVS1-GFP C28,Single nucleus Hi-C on WTC-11 with GFP tagged AAVS1,clone 28,raw file,4DN,
100,366.27,reads,fastq,1,1,induced pluripotent stem cell,human,released,Correspondence: biren@ucsd.edu,sn-Hi-C,"Biorep 1, Techrep 1",MboI,WTC-11 AAVS1-GFP C28,Single nucleus Hi-C on WTC-11 with GFP tagged AAVS1,clone 28,raw file,4DN,
101,506.45,reads,fastq,1,1,induced pluripotent stem cell,human,released,Correspondence: biren@ucsd.edu,sn-Hi-C,"Biorep 1, Techrep 1",MboI,WTC-11 AAVS1-GFP C28,Single nucleus Hi-C on WTC-11 with GFP tagged AAVS1,clone 28,raw file,4DN,
102,562.68,reads,fastq,1,1,induced pluripotent stem cell,human,released,Correspondence: biren@ucsd.edu,sn-Hi-C,"Biorep 1, Techrep 1",MboI,WTC-11 AAVS1-GFP C28,Single nucleus Hi-C on WTC-11 with GFP tagged AAVS1,clone 28,raw file,4DN,
103,866.53,reads,fastq,1,1,induced pluripotent stem cell,human,released,Correspondence: biren@ucsd.edu,sn-Hi-C,"Biorep 1, Techrep 1",MboI,WTC-11 AAVS1-GFP C28,Single nucleus Hi-C on WTC-11 with GFP tagged AAVS1,clone 28,raw file,4DN,
104,526.73,reads,fastq,1,1,induced pluripotent stem cell,human,released,Correspondence: biren@ucsd.edu,sn-Hi-C,"Biorep 1, Techrep 1",MboI,WTC-11 AAVS1-GFP C28,Single nucleus Hi-C on WTC-11 with GFP tagged AAVS1,clone 28,raw file,4DN,
105,68.56,reads,fastq,1,1,induced pluripotent stem cell,human,released,Correspondence: biren@ucsd.edu,sn-Hi-C,"Biorep 1, Techrep 1",MboI,WTC-11 AAVS1-GFP C28,Single nucleus Hi-C on WTC-11 with GFP tagged AAVS1,clone 28,raw file,4DN,
106,590.44,reads,fastq,1,1,induced pluripotent stem cell,human,released,Correspondence: biren@ucsd.edu,sn-Hi-C,"Biorep 1, Techrep 1",MboI,WTC-11 AAVS1-GFP C28,Single nucleus Hi-C on WTC-11 with GFP tagged AAVS1,clone 28,raw file,4DN,
107,983.99,reads,fastq,1,1,induced pluripotent stem cell,human,released,Correspondence: biren@ucsd.edu,sn-Hi-C,"Biorep 1, Techrep 1",MboI,WTC-11 AAVS1-GFP C28,Single nucleus Hi-C on WTC-11 with GFP tagged AAVS1,clone 28,raw file,4DN,
108,702.61,reads,fastq,1,1,induced pluripotent stem cell,human,released,Correspondence: biren@ucsd.edu,sn-Hi-C,"Biorep 1, Techrep 1",MboI,WTC-11 AAVS1-GFP C28,Single nucleus Hi-C on WTC-11 with GFP tagged AAVS1,clone 28,raw file,4DN,
109,498.15,reads,fastq,1,1,induced pluripotent stem cell,human,released,Correspondence: biren@ucsd.edu,sn-Hi-C,"Biorep 1, Techrep 1",MboI,WTC-11 AAVS1-GFP C28,Single nucleus Hi-C on WTC-11 with GFP tagged AAVS1,clone 28,raw file,4DN,
110,533.14,reads,fastq,1,1,induced pluripotent stem cell,human,released,Correspondence: biren@ucsd.edu,sn-Hi-C,"Biorep 1, Techrep 1",MboI,WTC-11 AAVS1-GFP C28,Single nucleus Hi-C on WTC-11 with GFP tagged AAVS1,clone 28,raw file,4DN,
111,692.16,reads,fastq,1,1,induced pluripotent stem cell,human,released,Correspondence: biren@ucsd.edu,sn-Hi-C,"Biorep 1, Techrep 1",MboI,WTC-11 AAVS1-GFP C28,Single nucleus Hi-C on WTC-11 with GFP tagged AAVS1,clone 28,raw file,4DN,
112,653.07,reads,fastq,1,1,induced pluripotent stem cell,human,released,Correspondence: biren@ucsd.edu,sn-Hi-C,"Biorep 1, Techrep 1",MboI,WTC-11 AAVS1-GFP C28,Single nucleus Hi-C on WTC-11 with GFP tagged AAVS1,clone 28,raw file,4DN,
113,844.86,reads,fastq,1,1,induced pluripotent stem cell,human,released,Correspondence: biren@ucsd.edu,sn-Hi-C,"Biorep 1, Techrep 1",MboI,WTC-11 AAVS1-GFP C28,Single nucleus Hi-C on WTC-11 with GFP tagged AAVS1,clone 28,raw file,4DN,
114,313.28,reads,fastq,1,1,induced pluripotent stem cell,human,released,Correspondence: biren@ucsd.edu,sn-Hi-C,"Biorep 1, Techrep 1",MboI,WTC-11 AAVS1-GFP C28,Single nucleus Hi-C on WTC-11 with GFP tagged AAVS1,clone 28,raw file,4DN,
115,382.93,reads,fastq,1,1,induced pluripotent stem cell,human,released,Correspondence: biren@ucsd.edu,sn-Hi-C,"Biorep 1, Techrep 1",MboI,WTC-11 AAVS1-GFP C28,Single nucleus Hi-C on WTC-11 with GFP tagged AAVS1,clone 28,raw file,4DN,
116,349.81,reads,fastq,1,1,induced pluripotent stem cell,human,released,Correspondence: biren@ucsd.edu,sn-Hi-C,"Biorep 1, Techrep 1",MboI,WTC-11 AAVS1-GFP C28,Single nucleus Hi-C on WTC-11 with GFP tagged AAVS1,clone 28,raw file,4DN,
117,445.76,reads,fastq,1,1,induced pluripotent stem cell,human,released,Correspondence: biren@ucsd.edu,sn-Hi-C,"Biorep 1, Techrep 1",MboI,WTC-11 AAVS1-GFP C28,Single nucleus Hi-C on WTC-11 with GFP tagged AAVS1,clone 28,raw file,4DN,
118,752.62,reads,fastq,1,1,induced pluripotent stem cell,human,released,Correspondence: biren@ucsd.edu,sn-Hi-C,"Biorep 1, Techrep 1",MboI,WTC-11 AAVS1-GFP C28,Single nucleus Hi-C on WTC-11 with GFP tagged AAVS1,clone 28,raw file,4DN,
119,431.77,reads,fastq,1,1,induced pluripotent stem cell,human,released,Correspondence: biren@ucsd.edu,sn-Hi-C,"Biorep 1, Techrep 1",MboI,WTC-11 AAVS1-GFP C28,Single nucleus Hi-C on WTC-11 with GFP tagged AAVS1,clone 28,raw file,4DN,
120,647.04,reads,fastq,1,1,induced pluripotent stem cell,human,released,Correspondence: biren@ucsd.edu,sn-Hi-C,"Biorep 1, Techrep 1",MboI,WTC-11 AAVS1-GFP C28,Single nucleus Hi-C on WTC-11 with GFP tagged AAVS1,clone 28,raw file,4DN,
121,934.12,reads,fastq,1,1,induced pluripotent stem cell,human,released,Correspondence: biren@ucsd.edu,sn-Hi-C,"Biorep 1, Techrep 1",MboI,WTC-11 AAVS1-GFP C28,Single nucleus Hi-C on WTC-11 with GFP tagged AAVS1,clone 28,raw file,4DN,
122,657.63,reads,fastq,1,1,induced pluripotent stem cell,human,released,Correspondence: biren@ucsd.edu,sn-Hi-C,"Biorep 1, Techrep 1",MboI,WTC-11 AAVS1-GFP C28,Single nucleus Hi-C on WTC-11 with GFP tagged AAVS1,clone 28,raw file,4DN,
123,504.86,reads,fastq,1,1,induced pluripotent stem cell,human,released,Correspondence: biren@ucsd.edu,sn-Hi-C,"Biorep 1, Techrep 1",MboI,WTC-11 AAVS1-GFP C28,Single nucleus Hi-C on WTC-11 with GFP tagged AAVS1,clone 28,raw file,4DN,
124,1035.94,reads,fastq,1,1,induced pluripotent stem cell,human,released,Correspondence: biren@ucsd.edu,sn-Hi-C,"Biorep 1, Techrep 1",MboI,WTC-11 AAVS1-GFP C28,Single nucleus Hi-C on WTC-11 with GFP tagged AAVS1,clone 28,raw file,4DN,
125,725.19,reads,fastq,1,1,induced pluripotent stem cell,human,released,Correspondence: biren@ucsd.edu,sn-Hi-C,"Biorep 1, Techrep 1",MboI,WTC-11 AAVS1-GFP C28,Single nucleus Hi-C on WTC-11 with GFP tagged AAVS1,clone 28,raw file,4DN,
126,729.25,reads,fastq,1,1,induced pluripotent stem cell,human,released,Correspondence: biren@ucsd.edu,sn-Hi-C,"Biorep 1, Techrep 1",MboI,WTC-11 AAVS1-GFP C28,Single nucleus Hi-C on WTC-11 with GFP tagged AAVS1,clone 28,raw file,4DN,
127,527.47,reads,fastq,1,1,induced pluripotent stem cell,human,released,Correspondence: biren@ucsd.edu,sn-Hi-C,"Biorep 1, Techrep 1",MboI,WTC-11 AAVS1-GFP C28,Single nucleus Hi-C on WTC-11 with GFP tagged AAVS1,clone 28,raw file,4DN,
128,946.72,reads,fastq,1,1,induced pluripotent stem cell,human,released,Correspondence: biren@ucsd.edu,sn-Hi-C,"Biorep 1, Techrep 1",MboI,WTC-11 AAVS1-GFP C28,Single nucleus Hi-C on WTC-11 with GFP tagged AAVS1,clone 28,raw file,4DN,
129,755.75,reads,fastq,1,1,induced pluripotent stem cell,human,released,Correspondence: biren@ucsd.edu,sn-Hi-C,"Biorep 1, Techrep 1",MboI,WTC-11 AAVS1-GFP C28,Single nucleus Hi-C on WTC-11 with GFP tagged AAVS1,clone 28,raw file,4DN,
130,741.51,reads,fastq,1,1,induced pluripotent stem cell,human,released,Correspondence: biren@ucsd.edu,sn-Hi-C,"Biorep 1, Techrep 1",MboI,WTC-11 AAVS1-GFP C28,Single nucleus Hi-C on WTC-11 with GFP tagged AAVS1,clone 28,raw file,4DN,
131,722.83,reads,fastq,1,1,induced pluripotent stem cell,human,released,Correspondence: biren@ucsd.edu,sn-Hi-C,"Biorep 1, Techrep 1",MboI,WTC-11 AAVS1-GFP C28,Single nucleus Hi-C on WTC-11 with GFP tagged AAVS1,clone 28,raw file,4DN,
132,604.69,reads,fastq,1,1,induced pluripotent stem cell,human,released,Correspondence: biren@ucsd.edu,sn-Hi-C,"Biorep 1, Techrep 1",MboI,WTC-11 AAVS1-GFP C28,Single nucleus Hi-C on WTC-11 with GFP tagged AAVS1,clone 28,raw file,4DN,
133,763.81,reads,fastq,1,1,induced pluripotent stem cell,human,released,Correspondence: biren@ucsd.edu,sn-Hi-C,"Biorep 1, Techrep 1",MboI,WTC-11 AAVS1-GFP C28,Single nucleus Hi-C on WTC-11 with GFP tagged AAVS1,clone 28,raw file,4DN,
134,563.59,reads,fastq,1,1,induced pluripotent stem cell,human,released,Correspondence: biren@ucsd.edu,sn-Hi-C,"Biorep 1, Techrep 1",MboI,WTC-11 AAVS1-GFP C28,Single nucleus Hi-C on WTC-11 with GFP tagged AAVS1,clone 28,raw file,4DN,
135,295.43,reads,fastq,1,1,induced pluripotent stem cell,human,released,Correspondence: biren@ucsd.edu,sn-Hi-C,"Biorep 1, Techrep 1",MboI,WTC-11 AAVS1-GFP C28,Single nucleus Hi-C on WTC-11 with GFP tagged AAVS1,clone 28,raw file,4DN,
136,875.64,reads,fastq,1,1,induced pluripotent stem cell,human,released,Correspondence: biren@ucsd.edu,sn-Hi-C,"Biorep 1, Techrep 1",MboI,WTC-11 AAVS1-GFP C28,Single nucleus Hi-C on WTC-11 with GFP tagged AAVS1,clone 28,raw file,4DN,
137,233.08,reads,fastq,1,1,induced pluripotent stem cell,human,released,Correspondence: biren@ucsd.edu,sn-Hi-C,"Biorep 1, Techrep 1",MboI,WTC-11 AAVS1-GFP C28,Single nucleus Hi-C on WTC-11 with GFP tagged AAVS1,clone 28,raw file,4DN,
138,430.16,reads,fastq,1,1,induced pluripotent stem cell,human,released,Correspondence: biren@ucsd.edu,sn-Hi-C,"Biorep 1, Techrep 1",MboI,WTC-11 AAVS1-GFP C28,Single nucleus Hi-C on WTC-11 with GFP tagged AAVS1,clone 28,raw file,4DN,
139,299.82,reads,fastq,1,1,induced pluripotent stem cell,human,released,Correspondence: biren@ucsd.edu,sn-Hi-C,"Biorep 1, Techrep 1",MboI,WTC-11 AAVS1-GFP C28,Single nucleus Hi-C on WTC-11 with GFP tagged AAVS1,clone 28,raw file,4DN,
140,643.1,reads,fastq,1,1,induced pluripotent stem cell,human,released,Correspondence: biren@ucsd.edu,sn-Hi-C,"Biorep 1, Techrep 1",MboI,WTC-11 AAVS1-GFP C28,Single nucleus Hi-C on WTC-11 with GFP tagged AAVS1,clone 28,raw file,4DN,
141,911.97,reads,fastq,1,1,induced pluripotent stem cell,human,released,Correspondence: biren@ucsd.edu,sn-Hi-C,"Biorep 1, Techrep 1",MboI,WTC-11 AAVS1-GFP C28,Single nucleus Hi-C on WTC-11 with GFP tagged AAVS1,clone 28,raw file,4DN,
142,347.03,reads,fastq,1,1,induced pluripotent stem cell,human,released,Correspondence: biren@ucsd.edu,sn-Hi-C,"Biorep 1, Techrep 1",MboI,WTC-11 AAVS1-GFP C28,Single nucleus Hi-C on WTC-11 with GFP tagged AAVS1,clone 28,raw file,4DN,
143,856.08,reads,fastq,1,1,induced pluripotent stem cell,human,released,Correspondence: biren@ucsd.edu,sn-Hi-C,"Biorep 1, Techrep 1",MboI,WTC-11 AAVS1-GFP C28,Single nucleus Hi-C on WTC-11 with GFP tagged AAVS1,clone 28,raw file,4DN,
144,514.85,reads,fastq,1,1,induced pluripotent stem cell,human,released,Correspondence: biren@ucsd.edu,sn-Hi-C,"Biorep 1, Techrep 1",MboI,WTC-11 AAVS1-GFP C28,Single nucleus Hi-C on WTC-11 with GFP tagged AAVS1,clone 28,raw file,4DN,
145,689.17,reads,fastq,1,1,induced pluripotent stem cell,human,released,Correspondence: biren@ucsd.edu,sn-Hi-C,"Biorep 1, Techrep 1",MboI,WTC-11 AAVS1-GFP C28,Single nucleus Hi-C on WTC-11 with GFP tagged AAVS1,clone 28,raw file,4DN,
146,750.86,reads,fastq,1,1,induced pluripotent stem cell,human,released,Correspondence: biren@ucsd.edu,sn-Hi-C,"Biorep 1, Techrep 1",MboI,WTC-11 AAVS1-GFP C28,Single nucleus Hi-C on WTC-11 with GFP tagged AAVS1,clone 28,raw file,4DN,
147,704.45,reads,fastq,1,1,induced pluripotent stem cell,human,released,Correspondence: biren@ucsd.edu,sn-Hi-C,"Biorep 1, Techrep 1",MboI,WTC-11 AAVS1-GFP C28,Single nucleus Hi-C on WTC-11 with GFP tagged AAVS1,clone 28,raw file,4DN,
148,795.71,reads,fastq,1,1,induced pluripotent stem cell,human,released,Correspondence: biren@ucsd.edu,sn-Hi-C,"Biorep 1, Techrep 1",MboI,WTC-11 AAVS1-GFP C28,Single nucleus Hi-C on WTC-11 with GFP tagged AAVS1,clone 28,raw file,4DN,
149,222.79,reads,fastq,1,1,induced pluripotent stem cell,human,released,Correspondence: biren@ucsd.edu,sn-Hi-C,"Biorep 1, Techrep 1",MboI,WTC-11 AAVS1-GFP C28,Single nucleus Hi-C on WTC-11 with GFP tagged AAVS1,clone 28,raw file,4DN,
150,686.29,reads,fastq,1,1,induced pluripotent stem cell,human,released,Correspondence: biren@ucsd.edu,sn-Hi-C,"Biorep 1, Techrep 1",MboI,WTC-11 AAVS1-GFP C28,Single nucleus Hi-C on WTC-11 with GFP tagged AAVS1,clone 28,raw file,4DN,
151,600.4,reads,fastq,1,1,induced pluripotent stem cell,human,released,Correspondence: biren@ucsd.edu,sn-Hi-C,"Biorep 1, Techrep 1",MboI,WTC-11 AAVS1-GFP C28,Single nucleus Hi-C on WTC-11 with GFP tagged AAVS1,clone 28,raw file,4DN,
152,816.22,reads,fastq,1,1,induced pluripotent stem cell,human,released,Correspondence: biren@ucsd.edu,sn-Hi-C,"Biorep 1, Techrep 1",MboI,WTC-11 AAVS1-GFP C28,Single nucleus Hi-C on WTC-11 with GFP tagged AAVS1,clone 28,raw file,4DN,
153,736.29,reads,fastq,1,1,induced pluripotent stem cell,human,released,Correspondence: biren@ucsd.edu,sn-Hi-C,"Biorep 1, Techrep 1",MboI,WTC-11 AAVS1-GFP C28,Single nucleus Hi-C on WTC-11 with GFP tagged AAVS1,clone 28,raw file,4DN,
154,699.5,reads,fastq,1,1,induced pluripotent stem cell,human,released,Correspondence: biren@ucsd.edu,sn-Hi-C,"Biorep 1, Techrep 1",MboI,WTC-11 AAVS1-GFP C28,Single nucleus Hi-C on WTC-11 with GFP tagged AAVS1,clone 28,raw file,4DN,
155,861.89,reads,fastq,1,1,induced pluripotent stem cell,human,released,Correspondence: biren@ucsd.edu,sn-Hi-C,"Biorep 1, Techrep 1",MboI,WTC-11 AAVS1-GFP C28,Single nucleus Hi-C on WTC-11 with GFP tagged AAVS1,clone 28,raw file,4DN,
156,281.62,reads,fastq,1,1,induced pluripotent stem cell,human,released,Correspondence: biren@ucsd.edu,sn-Hi-C,"Biorep 1, Techrep 1",MboI,WTC-11 AAVS1-GFP C28,Single nucleus Hi-C on WTC-11 with GFP tagged AAVS1,clone 28,raw file,4DN,
157,1057.6,reads,fastq,1,1,induced pluripotent stem cell,human,released,Correspondence: biren@ucsd.edu,sn-Hi-C,"Biorep 1, Techrep 1",MboI,WTC-11 AAVS1-GFP C28,Single nucleus Hi-C on WTC-11 with GFP tagged AAVS1,clone 28,raw file,4DN,
158,723.87,reads,fastq,1,1,induced pluripotent stem cell,human,released,Correspondence: biren@ucsd.edu,sn-Hi-C,"Biorep 1, Techrep 1",MboI,WTC-11 AAVS1-GFP C28,Single nucleus Hi-C on WTC-11 with GFP tagged AAVS1,clone 28,raw file,4DN,
159,199.69,reads,fastq,1,1,induced pluripotent stem cell,human,released,Correspondence: biren@ucsd.edu,sn-Hi-C,"Biorep 1, Techrep 1",MboI,WTC-11 AAVS1-GFP C28,Single nucleus Hi-C on WTC-11 with GFP tagged AAVS1,clone 28,raw file,4DN,
160,512.28,reads,fastq,1,1,induced pluripotent stem cell,human,released,Correspondence: biren@ucsd.edu,sn-Hi-C,"Biorep 1, Techrep 1",MboI,WTC-11 AAVS1-GFP C28,Single nucleus Hi-C on WTC-11 with GFP tagged AAVS1,clone 28,raw file,4DN,
161,320.11,reads,fastq,1,1,induced pluripotent stem cell,human,released,Correspondence: biren@ucsd.edu,sn-Hi-C,"Biorep 1, Techrep 1",MboI,WTC-11 AAVS1-GFP C28,Single nucleus Hi-C on WTC-11 with GFP tagged AAVS1,clone 28,raw file,4DN,
162,434.71,reads,fastq,1,1,induced pluripotent stem cell,human,released,Correspondence: biren@ucsd.edu,sn-Hi-C,"Biorep 1, Techrep 1",MboI,WTC-11 AAVS1-GFP C28,Single nucleus Hi-C on WTC-11 with GFP tagged AAVS1,clone 28,raw file,4DN,
163,837.45,reads,fastq,1,1,induced pluripotent stem cell,human,released,Correspondence: biren@ucsd.edu,sn-Hi-C,"Biorep 1, Techrep 1",MboI,WTC-11 AAVS1-GFP C28,Single nucleus Hi-C on WTC-11 with GFP tagged AAVS1,clone 28,raw file,4DN,
164,978.7,reads,fastq,1,1,induced pluripotent stem cell,human,released,Correspondence: biren@ucsd.edu,sn-Hi-C,"Biorep 1, Techrep 1",MboI,WTC-11 AAVS1-GFP C28,Single nucleus Hi-C on WTC-11 with GFP tagged AAVS1,clone 28,raw file,4DN,
165,330.54,reads,fastq,1,1,induced pluripotent stem cell,human,released,Correspondence: biren@ucsd.edu,sn-Hi-C,"Biorep 1, Techrep 1",MboI,WTC-11 AAVS1-GFP C28,Single nucleus Hi-C on WTC-11 with GFP tagged AAVS1,clone 28,raw file,4DN,
166,324.6,reads,fastq,1,1,induced pluripotent stem cell,human,released,Correspondence: biren@ucsd.edu,sn-Hi-C,"Biorep 1, Techrep 1",MboI,WTC-11 AAVS1-GFP C28,Single nucleus Hi-C on WTC-11 with GFP tagged AAVS1,clone 28,raw file,4DN,
167,275.28,reads,fastq,1,1,induced pluripotent stem cell,human,released,Correspondence: biren@ucsd.edu,sn-Hi-C,"Biorep 1, Techrep 1",MboI,WTC-11 AAVS1-GFP C28,Single nucleus Hi-C on WTC-11 with GFP tagged AAVS1,clone 28,raw file,4DN,
168,647.49,reads,fastq,1,1,induced pluripotent stem cell,human,released,Correspondence: biren@ucsd.edu,sn-Hi-C,"Biorep 1, Techrep 1",MboI,WTC-11 AAVS1-GFP C28,Single nucleus Hi-C on WTC-11 with GFP tagged AAVS1,clone 28,raw file,4DN,
169,825.45,reads,fastq,1,1,induced pluripotent stem cell,human,released,Correspondence: biren@ucsd.edu,sn-Hi-C,"Biorep 1, Techrep 1",MboI,WTC-11 AAVS1-GFP C28,Single nucleus Hi-C on WTC-11 with GFP tagged AAVS1,clone 28,raw file,4DN,
170,530.17,reads,fastq,1,1,induced pluripotent stem cell,human,released,Correspondence: biren@ucsd.edu,sn-Hi-C,"Biorep 1, Techrep 1",MboI,WTC-11 AAVS1-GFP C28,Single nucleus Hi-C on WTC-11 with GFP tagged AAVS1,clone 28,raw file,4DN,
171,806.8,reads,fastq,1,1,induced pluripotent stem cell,human,released,Correspondence: biren@ucsd.edu,sn-Hi-C,"Biorep 1, Techrep 1",MboI,WTC-11 AAVS1-GFP C28,Single nucleus Hi-C on WTC-11 with GFP tagged AAVS1,clone 28,raw file,4DN,
172,613.23,reads,fastq,1,1,induced pluripotent stem cell,human,released,Correspondence: biren@ucsd.edu,sn-Hi-C,"Biorep 1, Techrep 1",MboI,WTC-11 AAVS1-GFP C28,Single nucleus Hi-C on WTC-11 with GFP tagged AAVS1,clone 28,raw file,4DN,
173,909.79,reads,fastq,1,1,induced pluripotent stem cell,human,released,Correspondence: biren@ucsd.edu,sn-Hi-C,"Biorep 1, Techrep 1",MboI,WTC-11 AAVS1-GFP C28,Single nucleus Hi-C on WTC-11 with GFP tagged AAVS1,clone 28,raw file,4DN,
174,760.65,reads,fastq,1,1,induced pluripotent stem cell,human,released,Correspondence: biren@ucsd.edu,sn-Hi-C,"Biorep 1, Techrep 1",MboI,WTC-11 AAVS1-GFP C28,Single nucleus Hi-C on WTC-11 with GFP tagged AAVS1,clone 28,raw file,4DN,
175,888.41,reads,fastq,1,1,induced pluripotent stem cell,human,released,Correspondence: biren@ucsd.edu,sn-Hi-C,"Biorep 1, Techrep 1",MboI,WTC-11 AAVS1-GFP C28,Single nucleus Hi-C on WTC-11 with GFP tagged AAVS1,clone 28,raw file,4DN,
176,791.42,reads,fastq,1,1,induced pluripotent stem cell,human,released,Correspondence: biren@ucsd.edu,sn-Hi-C,"Biorep 1, Techrep 1",MboI,WTC-11 AAVS1-GFP C28,Single nucleus Hi-C on WTC-11 with GFP tagged AAVS1,clone 28,raw file,4DN,
177,880.7,reads,fastq,1,1,induced pluripotent stem cell,human,released,Correspondence: biren@ucsd.edu,sn-Hi-C,"Biorep 1, Techrep 1",MboI,WTC-11 AAVS1-GFP C28,Single nucleus Hi-C on WTC-11 with GFP tagged AAVS1,clone 28,raw file,4DN,
178,789.77,reads,fastq,1,1,induced pluripotent stem cell,human,released,Correspondence: biren@ucsd.edu,sn-Hi-C,"Biorep 1, Techrep 1",MboI,WTC-11 AAVS1-GFP C28,Single nucleus Hi-C on WTC-11 with GFP tagged AAVS1,clone 28,raw file,4DN,
179,451.52,reads,fastq,1,1,induced pluripotent stem cell,human,released,Correspondence: biren@ucsd.edu,sn-Hi-C,"Biorep 1, Techrep 1",MboI,WTC-11 AAVS1-GFP C28,Single nucleus Hi-C on WTC-11 with GFP tagged AAVS1,clone 28,raw file,4DN,
180,71.17,reads,fastq,1,1,induced pluripotent stem cell,human,released,Correspondence: biren@ucsd.edu,sn-Hi-C,"Biorep 1, Techrep 1",MboI,WTC-11 AAVS1-GFP C28,Single nucleus Hi-C on WTC-11 with GFP tagged AAVS1,clone 28,raw file,4DN,
181,717.42,reads,fastq,1,1,induced pluripotent stem cell,human,released,Correspondence: biren@ucsd.edu,sn-Hi-C,"Biorep 1, Techrep 1",MboI,WTC-11 AAVS1-GFP C28,Single nucleus Hi-C on WTC-11 with GFP tagged AAVS1,clone 28,raw file,4DN,
182,850.02,reads,fastq,1,1,induced pluripotent stem cell,human,released,Correspondence: biren@ucsd.edu,sn-Hi-C,"Biorep 1, Techrep 1",MboI,WTC-11 AAVS1-GFP C28,Single nucleus Hi-C on WTC-11 with GFP tagged AAVS1,clone 28,raw file,4DN,
183,754.63,reads,fastq,1,1,induced pluripotent stem cell,human,released,Correspondence: biren@ucsd.edu,sn-Hi-C,"Biorep 1, Techrep 1",MboI,WTC-11 AAVS1-GFP C28,Single nucleus Hi-C on WTC-11 with GFP tagged AAVS1,clone 28,raw file,4DN,
184,493.4,reads,fastq,1,1,induced pluripotent stem cell,human,released,Correspondence: biren@ucsd.edu,sn-Hi-C,"Biorep 1, Techrep 1",MboI,WTC-11 AAVS1-GFP C28,Single nucleus Hi-C on WTC-11 with GFP tagged AAVS1,clone 28,raw file,4DN,
185,591.17,reads,fastq,1,1,induced pluripotent stem cell,human,released,Correspondence: biren@ucsd.edu,sn-Hi-C,"Biorep 1, Techrep 1",MboI,WTC-11 AAVS1-GFP C28,Single nucleus Hi-C on WTC-11 with GFP tagged AAVS1,clone 28,raw file,4DN,
186,458.16,reads,fastq,1,1,induced pluripotent stem cell,human,released,Correspondence: biren@ucsd.edu,sn-Hi-C,"Biorep 1, Techrep 1",MboI,WTC-11 AAVS1-GFP C28,Single nucleus Hi-C on WTC-11 with GFP tagged AAVS1,clone 28,raw file,4DN,
187,262.49,reads,fastq,1,1,induced pluripotent stem cell,human,released,Correspondence: biren@ucsd.edu,sn-Hi-C,"Biorep 1, Techrep 1",MboI,WTC-11 AAVS1-GFP C28,Single nucleus Hi-C on WTC-11 with GFP tagged AAVS1,clone 28,raw file,4DN,
188,806.79,reads,fastq,1,1,induced pluripotent stem cell,human,released,Correspondence: biren@ucsd.edu,sn-Hi-C,"Biorep 1, Techrep 1",MboI,WTC-11 AAVS1-GFP C28,Single nucleus Hi-C on WTC-11 with GFP tagged AAVS1,clone 28,raw file,4DN,
189,681.78,reads,fastq,1,1,induced pluripotent stem cell,human,released,Correspondence: biren@ucsd.edu,sn-Hi-C,"Biorep 1, Techrep 1",MboI,WTC-11 AAVS1-GFP C28,Single nucleus Hi-C on WTC-11 with GFP tagged AAVS1,clone 28,raw file,4DN,
190,382.99,reads,fastq,1,1,induced pluripotent stem cell,human,released,Correspondence: biren@ucsd.edu,sn-Hi-C,"Biorep 1, Techrep 1",MboI,WTC-11 AAVS1-GFP C28,Single nucleus Hi-C on WTC-11 with GFP tagged AAVS1,clone 28,raw file,4DN,
191,883.32,reads,fastq,1,1,induced pluripotent stem cell,human,released,Correspondence: biren@ucsd.edu,sn-Hi-C,"Biorep 1, Techrep 1",MboI,WTC-11 AAVS1-GFP C28,Single nucleus Hi-C on WTC-11 with GFP tagged AAVS1,clone 28,raw file,4DN,
192,424.75,reads,fastq,1,1,induced pluripotent stem cell,human,released,Correspondence: biren@ucsd.edu,sn-Hi-C,"Biorep 1, Techrep 1",MboI,WTC-11 AAVS1-GFP C28,Single nucleus Hi-C on WTC-11 with GFP tagged AAVS1,clone 28,raw file,4DN,
193,546.32,reads,fastq,1,1,induced pluripotent stem cell,human,released,Correspondence: biren@ucsd.edu,sn-Hi-C,"Biorep 1, Techrep 1",MboI,WTC-11 AAVS1-GFP C28,Single nucleus Hi-C on WTC-11 with GFP tagged AAVS1,clone 28,raw file,4DN,
194,787.36,reads,fastq,1,1,induced pluripotent stem cell,human,released,Correspondence: biren@ucsd.edu,sn-Hi-C,"Biorep 1, Techrep 1",MboI,WTC-11 AAVS1-GFP C28,Single nucleus Hi-C on WTC-11 with GFP tagged AAVS1,clone 28,raw file,4DN,
195,875.54,reads,fastq,1,1,induced pluripotent stem cell,human,released,Correspondence: biren@ucsd.edu,sn-Hi-C,"Biorep 1, Techrep 1",MboI,WTC-11 AAVS1-GFP C28,Single nucleus Hi-C on WTC-11 with GFP tagged AAVS1,clone 28,raw file,4DN,
196,689.99,reads,fastq,1,1,induced pluripotent stem cell,human,released,Correspondence: biren@ucsd.edu,sn-Hi-C,"Biorep 1, Techrep 1",MboI,WTC-11 AAVS1-GFP C28,Single nucleus Hi-C on WTC-11 with GFP tagged AAVS1,clone 28,raw file,4DN,
197,372.09,reads,fastq,1,1,induced pluripotent stem cell,human,released,Correspondence: biren@ucsd.edu,sn-Hi-C,"Biorep 1, Techrep 1",MboI,WTC-11 AAVS1-GFP C28,Single nucleus Hi-C on WTC-11 with GFP tagged AAVS1,clone 28,raw file,4DN,
198,339.78,reads,fastq,1,1,induced pluripotent stem cell,human,released,Correspondence: biren@ucsd.edu,sn-Hi-C,"Biorep 1, Techrep 1",MboI,WTC-11 AAVS1-GFP C28,Single nucleus Hi-C on WTC-11 with GFP tagged AAVS1,clone 28,raw file,4DN,
199,783.93,reads,fastq,1,1,induced pluripotent stem cell,human,released,Correspondence: biren@ucsd.edu,sn-Hi-C,"Biorep 1, Techrep 1",MboI,WTC-11 AAVS1-GFP C28,Single nucleus Hi-C on WTC-11 with GFP tagged AAVS1,clone 28,raw file,4DN,
200,636.73,reads,fastq,1,1,induced pluripotent stem cell,human,released,Correspondence: biren@ucsd.edu,sn-Hi-C,"Biorep 1, Techrep 1",MboI,WTC-11 AAVS1-GFP C28,Single nucleus Hi-C on WTC-11 with GFP tagged AAVS1,clone 28,raw file,4DN,
201,739.77,reads,fastq,1,1,induced pluripotent stem cell,human,released,Correspondence: biren@ucsd.edu,sn-Hi-C,"Biorep 1, Techrep 1",MboI,WTC-11 AAVS1-GFP C28,Single nucleus Hi-C on WTC-11 with GFP tagged AAVS1,clone 28,raw file,4DN,
202,402.76,reads,fastq,1,1,induced pluripotent stem cell,human,released,Correspondence: biren@ucsd.edu,sn-Hi-C,"Biorep 1, Techrep 1",MboI,WTC-11 AAVS1-GFP C28,Single nucleus Hi-C on WTC-11 with GFP tagged AAVS1,clone 28,raw file,4DN,
203,827.38,reads,fastq,1,1,induced pluripotent stem cell,human,released,Correspondence: biren@ucsd.edu,sn-Hi-C,"Biorep 1, Techrep 1",MboI,WTC-11 AAVS1-GFP C28,Single nucleus Hi-C on WTC-11 with GFP tagged AAVS1,clone 28,raw file,4DN,
204,293.53,reads,fastq,1,1,induced pluripotent stem cell,human,released,Correspondence: biren@ucsd.edu,sn-Hi-C,"Biorep 1, Techrep 1",MboI,WTC-11 AAVS1-GFP C28,Single nucleus Hi-C on WTC-11 with GFP tagged AAVS1,clone 28,raw file,4DN,
205,475.6,reads,fastq,1,1,induced pluripotent stem cell,human,released,Correspondence: biren@ucsd.edu,sn-Hi-C,"Biorep 1, Techrep 1",MboI,WTC-11 AAVS1-GFP C28,Single nucleus Hi-C on WTC-11 with GFP tagged AAVS1,clone 28,raw file,4DN,
206,875.08,reads,fastq,1,1,induced pluripotent stem cell,human,released,Correspondence: biren@ucsd.edu,sn-Hi-C,"Biorep 1, Techrep 1",MboI,WTC-11 AAVS1-GFP C28,Single nucleus Hi-C on WTC-11 with GFP tagged AAVS1,clone 28,raw file,4DN,
207,671.18,reads,fastq,1,1,induced pluripotent stem cell,human,released,Correspondence: biren@ucsd.edu,sn-Hi-C,"Biorep 1, Techrep 1",MboI,WTC-11 AAVS1-GFP C28,Single nucleus Hi-C on WTC-11 with GFP tagged AAVS1,clone 28,raw file,4DN,
208,518.01,reads,fastq,1,1,induced pluripotent stem cell,human,released,Correspondence: biren@ucsd.edu,sn-Hi-C,"Biorep 1, Techrep 1",MboI,WTC-11 AAVS1-GFP C28,Single nucleus Hi-C on WTC-11 with GFP tagged AAVS1,clone 28,raw file,4DN,
209,28219.35,reads,fastq,1,1,induced pluripotent stem cell,human,released,Correspondence: shendure@uw.edu,sci-Hi-C,"Biorep 1, Techrep 1",DpnII,WTC-11 with MYL2-EGFP,sciHi-C on WTC-11 mEGFP cells,3.5% PF fixation,raw file,4DN,
210,27341.5,reads,fastq,1,1,induced pluripotent stem cell,human,released,Correspondence: shendure@uw.edu,sci-Hi-C,"Biorep 1, Techrep 1",DpnII,WTC-11 with MYL2-EGFP,sciHi-C on WTC-11 mEGFP cells,3.5% PF fixation,raw file,4DN,
211,26843.58,reads,fastq,1,1,induced pluripotent stem cell,human,released,Correspondence: shendure@uw.edu,sci-Hi-C,"Biorep 1, Techrep 1",DpnII,WTC-11 with MYL2-EGFP,sciHi-C on WTC-11 mEGFP cells,3.5% PF fixation,raw file,4DN,
212,26133.66,reads,fastq,1,1,induced pluripotent stem cell,human,released,Correspondence: shendure@uw.edu,sci-Hi-C,"Biorep 1, Techrep 1",DpnII,WTC-11 with MYL2-EGFP,sciHi-C on WTC-11 mEGFP cells,3.5% PF fixation,raw file,4DN,
213,13562.85,reads,fastq,1,1,stem cell derived cell line,human,released,Kim HJ et al. (2020),sci-Hi-C,"Biorep 1, Techrep 1",DpnII,H1-hESC (Tier 1),sci-Hi-C on five human cell lines - analyzed using topic modeling,H1-ESC,raw file,4DN,
214,22928.39,reads,fastq,1,1,stem cell derived cell line,human,released,Kim HJ et al. (2020),sci-Hi-C,"Biorep 1, Techrep 1",DpnII,H1-hESC (Tier 1),sci-Hi-C on five human cell lines - analyzed using topic modeling,H1-ESC,raw file,4DN,
215,22153.78,reads,fastq,1,1,stem cell derived cell line,human,released,Kim HJ et al. (2020),sci-Hi-C,"Biorep 1, Techrep 1",DpnII,H1-hESC (Tier 1),sci-Hi-C on five human cell lines - analyzed using topic modeling,H1-ESC,raw file,4DN,
216,13043.51,reads,fastq,1,1,stem cell derived cell line,human,released,Kim HJ et al. (2020),sci-Hi-C,"Biorep 1, Techrep 1",DpnII,H1-hESC (Tier 1),sci-Hi-C on five human cell lines - analyzed using topic modeling,H1-ESC,raw file,4DN,
217,10609.63,reads,fastq,1,2,stem cell derived cell line,human,released,Kim HJ et al. (2020),sci-Hi-C,"Biorep 1, Techrep 2",DpnII,H1-hESC (Tier 1),sci-Hi-C on five human cell lines - analyzed using topic modeling,H1-ESC,raw file,4DN,
218,10925.62,reads,fastq,1,2,stem cell derived cell line,human,released,Kim HJ et al. (2020),sci-Hi-C,"Biorep 1, Techrep 2",DpnII,H1-hESC (Tier 1),sci-Hi-C on five human cell lines - analyzed using topic modeling,H1-ESC,raw file,4DN,
219,15011.96,reads,fastq,1,2,stem cell derived cell line,human,released,Kim HJ et al. (2020),sci-Hi-C,"Biorep 1, Techrep 2",DpnII,H1-hESC (Tier 1),sci-Hi-C on five human cell lines - analyzed using topic modeling,H1-ESC,raw file,4DN,
220,14635.14,reads,fastq,1,2,stem cell derived cell line,human,released,Kim HJ et al. (2020),sci-Hi-C,"Biorep 1, Techrep 2",DpnII,H1-hESC (Tier 1),sci-Hi-C on five human cell lines - analyzed using topic modeling,H1-ESC,raw file,4DN,
221,15947.92,reads,fastq,2,1,stem cell derived cell line,human,released,Kim HJ et al. (2020),sci-Hi-C,,,multiple,multiple,multiple,raw file,4DN,
222,15244.1,reads,fastq,2,1,stem cell derived cell line,human,released,Kim HJ et al. (2020),sci-Hi-C,,,multiple,multiple,multiple,raw file,4DN,
223,14687.04,reads,fastq,2,1,stem cell derived cell line,human,released,Kim HJ et al. (2020),sci-Hi-C,,,multiple,multiple,multiple,raw file,4DN,
224,13975.75,reads,fastq,2,1,stem cell derived cell line,human,released,Kim HJ et al. (2020),sci-Hi-C,,,multiple,multiple,multiple,raw file,4DN,
225,0.0,barcodes,txt,2,1,stem cell derived cell line,human,released,Kim HJ et al. (2020),,,,,,,,4DN,
226,28118.63,reads,fastq,2,2,stem cell derived cell line,human,released,Kim HJ et al. (2020),sci-Hi-C,,,multiple,multiple,multiple,raw file,4DN,
227,7724.97,reads,fastq,2,2,stem cell derived cell line,human,released,Kim HJ et al. (2020),sci-Hi-C,,,multiple,multiple,multiple,raw file,4DN,
228,27239.69,reads,fastq,2,2,stem cell derived cell line,human,released,Kim HJ et al. (2020),sci-Hi-C,,,multiple,multiple,multiple,raw file,4DN,
229,8162.09,reads,fastq,2,2,stem cell derived cell line,human,released,Kim HJ et al. (2020),sci-Hi-C,,,multiple,multiple,multiple,raw file,4DN,
230,576.42,reads,fastq,1,1,induced pluripotent stem cell,human,released,Correspondence: biren@ucsd.edu,sn-Hi-C,"Biorep 1, Techrep 1",MboI,WTC-11 AAVS1-GFP C6,Single nucleus Hi-C on WTC-11 with GFP tagged AAVS1,clone 6,raw file,4DN,
231,472.38,reads,fastq,1,1,induced pluripotent stem cell,human,released,Correspondence: biren@ucsd.edu,sn-Hi-C,"Biorep 1, Techrep 1",MboI,WTC-11 AAVS1-GFP C6,Single nucleus Hi-C on WTC-11 with GFP tagged AAVS1,clone 6,raw file,4DN,
232,656.55,reads,fastq,1,1,induced pluripotent stem cell,human,released,Correspondence: biren@ucsd.edu,sn-Hi-C,"Biorep 1, Techrep 1",MboI,WTC-11 AAVS1-GFP C6,Single nucleus Hi-C on WTC-11 with GFP tagged AAVS1,clone 6,raw file,4DN,
233,469.71,reads,fastq,1,1,induced pluripotent stem cell,human,released,Correspondence: biren@ucsd.edu,sn-Hi-C,"Biorep 1, Techrep 1",MboI,WTC-11 AAVS1-GFP C6,Single nucleus Hi-C on WTC-11 with GFP tagged AAVS1,clone 6,raw file,4DN,
234,603.66,reads,fastq,1,1,induced pluripotent stem cell,human,released,Correspondence: biren@ucsd.edu,sn-Hi-C,"Biorep 1, Techrep 1",MboI,WTC-11 AAVS1-GFP C6,Single nucleus Hi-C on WTC-11 with GFP tagged AAVS1,clone 6,raw file,4DN,
235,423.53,reads,fastq,1,1,induced pluripotent stem cell,human,released,Correspondence: biren@ucsd.edu,sn-Hi-C,"Biorep 1, Techrep 1",MboI,WTC-11 AAVS1-GFP C6,Single nucleus Hi-C on WTC-11 with GFP tagged AAVS1,clone 6,raw file,4DN,
236,533.87,reads,fastq,1,1,induced pluripotent stem cell,human,released,Correspondence: biren@ucsd.edu,sn-Hi-C,"Biorep 1, Techrep 1",MboI,WTC-11 AAVS1-GFP C6,Single nucleus Hi-C on WTC-11 with GFP tagged AAVS1,clone 6,raw file,4DN,
237,380.73,reads,fastq,1,1,induced pluripotent stem cell,human,released,Correspondence: biren@ucsd.edu,sn-Hi-C,"Biorep 1, Techrep 1",MboI,WTC-11 AAVS1-GFP C6,Single nucleus Hi-C on WTC-11 with GFP tagged AAVS1,clone 6,raw file,4DN,
238,574.77,reads,fastq,1,1,induced pluripotent stem cell,human,released,Correspondence: biren@ucsd.edu,sn-Hi-C,"Biorep 1, Techrep 1",MboI,WTC-11 AAVS1-GFP C6,Single nucleus Hi-C on WTC-11 with GFP tagged AAVS1,clone 6,raw file,4DN,
239,681.41,reads,fastq,1,1,induced pluripotent stem cell,human,released,Correspondence: biren@ucsd.edu,sn-Hi-C,"Biorep 1, Techrep 1",MboI,WTC-11 AAVS1-GFP C6,Single nucleus Hi-C on WTC-11 with GFP tagged AAVS1,clone 6,raw file,4DN,
240,152.62,reads,fastq,1,1,induced pluripotent stem cell,human,released,Correspondence: biren@ucsd.edu,sn-Hi-C,"Biorep 1, Techrep 1",MboI,WTC-11 AAVS1-GFP C6,Single nucleus Hi-C on WTC-11 with GFP tagged AAVS1,clone 6,raw file,4DN,
241,535.34,reads,fastq,1,1,induced pluripotent stem cell,human,released,Correspondence: biren@ucsd.edu,sn-Hi-C,"Biorep 1, Techrep 1",MboI,WTC-11 AAVS1-GFP C6,Single nucleus Hi-C on WTC-11 with GFP tagged AAVS1,clone 6,raw file,4DN,
242,540.27,reads,fastq,1,1,induced pluripotent stem cell,human,released,Correspondence: biren@ucsd.edu,sn-Hi-C,"Biorep 1, Techrep 1",MboI,WTC-11 AAVS1-GFP C6,Single nucleus Hi-C on WTC-11 with GFP tagged AAVS1,clone 6,raw file,4DN,
243,766.53,reads,fastq,1,1,induced pluripotent stem cell,human,released,Correspondence: biren@ucsd.edu,sn-Hi-C,"Biorep 1, Techrep 1",MboI,WTC-11 AAVS1-GFP C6,Single nucleus Hi-C on WTC-11 with GFP tagged AAVS1,clone 6,raw file,4DN,
244,417.02,reads,fastq,1,1,induced pluripotent stem cell,human,released,Correspondence: biren@ucsd.edu,sn-Hi-C,"Biorep 1, Techrep 1",MboI,WTC-11 AAVS1-GFP C6,Single nucleus Hi-C on WTC-11 with GFP tagged AAVS1,clone 6,raw file,4DN,
245,761.92,reads,fastq,1,1,induced pluripotent stem cell,human,released,Correspondence: biren@ucsd.edu,sn-Hi-C,"Biorep 1, Techrep 1",MboI,WTC-11 AAVS1-GFP C6,Single nucleus Hi-C on WTC-11 with GFP tagged AAVS1,clone 6,raw file,4DN,
246,99.12,reads,fastq,1,1,induced pluripotent stem cell,human,released,Correspondence: biren@ucsd.edu,sn-Hi-C,"Biorep 1, Techrep 1",MboI,WTC-11 AAVS1-GFP C6,Single nucleus Hi-C on WTC-11 with GFP tagged AAVS1,clone 6,raw file,4DN,
247,408.48,reads,fastq,1,1,induced pluripotent stem cell,human,released,Correspondence: biren@ucsd.edu,sn-Hi-C,"Biorep 1, Techrep 1",MboI,WTC-11 AAVS1-GFP C6,Single nucleus Hi-C on WTC-11 with GFP tagged AAVS1,clone 6,raw file,4DN,
248,563.55,reads,fastq,1,1,induced pluripotent stem cell,human,released,Correspondence: biren@ucsd.edu,sn-Hi-C,"Biorep 1, Techrep 1",MboI,WTC-11 AAVS1-GFP C6,Single nucleus Hi-C on WTC-11 with GFP tagged AAVS1,clone 6,raw file,4DN,
249,469.48,reads,fastq,1,1,induced pluripotent stem cell,human,released,Correspondence: biren@ucsd.edu,sn-Hi-C,"Biorep 1, Techrep 1",MboI,WTC-11 AAVS1-GFP C6,Single nucleus Hi-C on WTC-11 with GFP tagged AAVS1,clone 6,raw file,4DN,
250,494.67,reads,fastq,1,1,induced pluripotent stem cell,human,released,Correspondence: biren@ucsd.edu,sn-Hi-C,"Biorep 1, Techrep 1",MboI,WTC-11 AAVS1-GFP C6,Single nucleus Hi-C on WTC-11 with GFP tagged AAVS1,clone 6,raw file,4DN,
251,446.55,reads,fastq,1,1,induced pluripotent stem cell,human,released,Correspondence: biren@ucsd.edu,sn-Hi-C,"Biorep 1, Techrep 1",MboI,WTC-11 AAVS1-GFP C6,Single nucleus Hi-C on WTC-11 with GFP tagged AAVS1,clone 6,raw file,4DN,
252,440.98,reads,fastq,1,1,induced pluripotent stem cell,human,released,Correspondence: biren@ucsd.edu,sn-Hi-C,"Biorep 1, Techrep 1",MboI,WTC-11 AAVS1-GFP C6,Single nucleus Hi-C on WTC-11 with GFP tagged AAVS1,clone 6,raw file,4DN,
253,624.3,reads,fastq,1,1,induced pluripotent stem cell,human,released,Correspondence: biren@ucsd.edu,sn-Hi-C,"Biorep 1, Techrep 1",MboI,WTC-11 AAVS1-GFP C6,Single nucleus Hi-C on WTC-11 with GFP tagged AAVS1,clone 6,raw file,4DN,
254,609.23,reads,fastq,1,1,induced pluripotent stem cell,human,released,Correspondence: biren@ucsd.edu,sn-Hi-C,"Biorep 1, Techrep 1",MboI,WTC-11 AAVS1-GFP C6,Single nucleus Hi-C on WTC-11 with GFP tagged AAVS1,clone 6,raw file,4DN,
255,540.84,reads,fastq,1,1,induced pluripotent stem cell,human,released,Correspondence: biren@ucsd.edu,sn-Hi-C,"Biorep 1, Techrep 1",MboI,WTC-11 AAVS1-GFP C6,Single nucleus Hi-C on WTC-11 with GFP tagged AAVS1,clone 6,raw file,4DN,
256,603.73,reads,fastq,1,1,induced pluripotent stem cell,human,released,Correspondence: biren@ucsd.edu,sn-Hi-C,"Biorep 1, Techrep 1",MboI,WTC-11 AAVS1-GFP C6,Single nucleus Hi-C on WTC-11 with GFP tagged AAVS1,clone 6,raw file,4DN,
257,564.69,reads,fastq,1,1,induced pluripotent stem cell,human,released,Correspondence: biren@ucsd.edu,sn-Hi-C,"Biorep 1, Techrep 1",MboI,WTC-11 AAVS1-GFP C6,Single nucleus Hi-C on WTC-11 with GFP tagged AAVS1,clone 6,raw file,4DN,
258,506.69,reads,fastq,1,1,induced pluripotent stem cell,human,released,Correspondence: biren@ucsd.edu,sn-Hi-C,"Biorep 1, Techrep 1",MboI,WTC-11 AAVS1-GFP C6,Single nucleus Hi-C on WTC-11 with GFP tagged AAVS1,clone 6,raw file,4DN,
259,476.15,reads,fastq,1,1,induced pluripotent stem cell,human,released,Correspondence: biren@ucsd.edu,sn-Hi-C,"Biorep 1, Techrep 1",MboI,WTC-11 AAVS1-GFP C6,Single nucleus Hi-C on WTC-11 with GFP tagged AAVS1,clone 6,raw file,4DN,
260,419.75,reads,fastq,1,1,induced pluripotent stem cell,human,released,Correspondence: biren@ucsd.edu,sn-Hi-C,"Biorep 1, Techrep 1",MboI,WTC-11 AAVS1-GFP C6,Single nucleus Hi-C on WTC-11 with GFP tagged AAVS1,clone 6,raw file,4DN,
261,380.88,reads,fastq,1,1,induced pluripotent stem cell,human,released,Correspondence: biren@ucsd.edu,sn-Hi-C,"Biorep 1, Techrep 1",MboI,WTC-11 AAVS1-GFP C6,Single nucleus Hi-C on WTC-11 with GFP tagged AAVS1,clone 6,raw file,4DN,
262,690.4,reads,fastq,1,1,induced pluripotent stem cell,human,released,Correspondence: biren@ucsd.edu,sn-Hi-C,"Biorep 1, Techrep 1",MboI,WTC-11 AAVS1-GFP C6,Single nucleus Hi-C on WTC-11 with GFP tagged AAVS1,clone 6,raw file,4DN,
263,658.08,reads,fastq,1,1,induced pluripotent stem cell,human,released,Correspondence: biren@ucsd.edu,sn-Hi-C,"Biorep 1, Techrep 1",MboI,WTC-11 AAVS1-GFP C6,Single nucleus Hi-C on WTC-11 with GFP tagged AAVS1,clone 6,raw file,4DN,
264,393.07,reads,fastq,1,1,induced pluripotent stem cell,human,released,Correspondence: biren@ucsd.edu,sn-Hi-C,"Biorep 1, Techrep 1",MboI,WTC-11 AAVS1-GFP C6,Single nucleus Hi-C on WTC-11 with GFP tagged AAVS1,clone 6,raw file,4DN,
265,697.21,reads,fastq,1,1,induced pluripotent stem cell,human,released,Correspondence: biren@ucsd.edu,sn-Hi-C,"Biorep 1, Techrep 1",MboI,WTC-11 AAVS1-GFP C6,Single nucleus Hi-C on WTC-11 with GFP tagged AAVS1,clone 6,raw file,4DN,
266,399.39,reads,fastq,1,1,induced pluripotent stem cell,human,released,Correspondence: biren@ucsd.edu,sn-Hi-C,"Biorep 1, Techrep 1",MboI,WTC-11 AAVS1-GFP C6,Single nucleus Hi-C on WTC-11 with GFP tagged AAVS1,clone 6,raw file,4DN,
267,545.96,reads,fastq,1,1,induced pluripotent stem cell,human,released,Correspondence: biren@ucsd.edu,sn-Hi-C,"Biorep 1, Techrep 1",MboI,WTC-11 AAVS1-GFP C6,Single nucleus Hi-C on WTC-11 with GFP tagged AAVS1,clone 6,raw file,4DN,
268,682.93,reads,fastq,1,1,induced pluripotent stem cell,human,released,Correspondence: biren@ucsd.edu,sn-Hi-C,"Biorep 1, Techrep 1",MboI,WTC-11 AAVS1-GFP C6,Single nucleus Hi-C on WTC-11 with GFP tagged AAVS1,clone 6,raw file,4DN,
269,524.11,reads,fastq,1,1,induced pluripotent stem cell,human,released,Correspondence: biren@ucsd.edu,sn-Hi-C,"Biorep 1, Techrep 1",MboI,WTC-11 AAVS1-GFP C6,Single nucleus Hi-C on WTC-11 with GFP tagged AAVS1,clone 6,raw file,4DN,
270,572.8,reads,fastq,1,1,induced pluripotent stem cell,human,released,Correspondence: biren@ucsd.edu,sn-Hi-C,"Biorep 1, Techrep 1",MboI,WTC-11 AAVS1-GFP C6,Single nucleus Hi-C on WTC-11 with GFP tagged AAVS1,clone 6,raw file,4DN,
271,575.94,reads,fastq,1,1,induced pluripotent stem cell,human,released,Correspondence: biren@ucsd.edu,sn-Hi-C,"Biorep 1, Techrep 1",MboI,WTC-11 AAVS1-GFP C6,Single nucleus Hi-C on WTC-11 with GFP tagged AAVS1,clone 6,raw file,4DN,
272,626.46,reads,fastq,1,1,induced pluripotent stem cell,human,released,Correspondence: biren@ucsd.edu,sn-Hi-C,"Biorep 1, Techrep 1",MboI,WTC-11 AAVS1-GFP C6,Single nucleus Hi-C on WTC-11 with GFP tagged AAVS1,clone 6,raw file,4DN,
273,716.71,reads,fastq,1,1,induced pluripotent stem cell,human,released,Correspondence: biren@ucsd.edu,sn-Hi-C,"Biorep 1, Techrep 1",MboI,WTC-11 AAVS1-GFP C6,Single nucleus Hi-C on WTC-11 with GFP tagged AAVS1,clone 6,raw file,4DN,
274,533.79,reads,fastq,1,1,induced pluripotent stem cell,human,released,Correspondence: biren@ucsd.edu,sn-Hi-C,"Biorep 1, Techrep 1",MboI,WTC-11 AAVS1-GFP C6,Single nucleus Hi-C on WTC-11 with GFP tagged AAVS1,clone 6,raw file,4DN,
275,574.72,reads,fastq,1,1,induced pluripotent stem cell,human,released,Correspondence: biren@ucsd.edu,sn-Hi-C,"Biorep 1, Techrep 1",MboI,WTC-11 AAVS1-GFP C6,Single nucleus Hi-C on WTC-11 with GFP tagged AAVS1,clone 6,raw file,4DN,
276,387.73,reads,fastq,1,1,induced pluripotent stem cell,human,released,Correspondence: biren@ucsd.edu,sn-Hi-C,"Biorep 1, Techrep 1",MboI,WTC-11 AAVS1-GFP C6,Single nucleus Hi-C on WTC-11 with GFP tagged AAVS1,clone 6,raw file,4DN,
277,515.37,reads,fastq,1,1,induced pluripotent stem cell,human,released,Correspondence: biren@ucsd.edu,sn-Hi-C,"Biorep 1, Techrep 1",MboI,WTC-11 AAVS1-GFP C6,Single nucleus Hi-C on WTC-11 with GFP tagged AAVS1,clone 6,raw file,4DN,
278,588.41,reads,fastq,1,1,induced pluripotent stem cell,human,released,Correspondence: biren@ucsd.edu,sn-Hi-C,"Biorep 1, Techrep 1",MboI,WTC-11 AAVS1-GFP C6,Single nucleus Hi-C on WTC-11 with GFP tagged AAVS1,clone 6,raw file,4DN,
279,277.97,reads,fastq,1,1,induced pluripotent stem cell,human,released,Correspondence: biren@ucsd.edu,sn-Hi-C,"Biorep 1, Techrep 1",MboI,WTC-11 AAVS1-GFP C6,Single nucleus Hi-C on WTC-11 with GFP tagged AAVS1,clone 6,raw file,4DN,
280,497.39,reads,fastq,1,1,induced pluripotent stem cell,human,released,Correspondence: biren@ucsd.edu,sn-Hi-C,"Biorep 1, Techrep 1",MboI,WTC-11 AAVS1-GFP C6,Single nucleus Hi-C on WTC-11 with GFP tagged AAVS1,clone 6,raw file,4DN,
281,534.28,reads,fastq,1,1,induced pluripotent stem cell,human,released,Correspondence: biren@ucsd.edu,sn-Hi-C,"Biorep 1, Techrep 1",MboI,WTC-11 AAVS1-GFP C6,Single nucleus Hi-C on WTC-11 with GFP tagged AAVS1,clone 6,raw file,4DN,
282,624.69,reads,fastq,1,1,induced pluripotent stem cell,human,released,Correspondence: biren@ucsd.edu,sn-Hi-C,"Biorep 1, Techrep 1",MboI,WTC-11 AAVS1-GFP C6,Single nucleus Hi-C on WTC-11 with GFP tagged AAVS1,clone 6,raw file,4DN,
283,667.59,reads,fastq,1,1,induced pluripotent stem cell,human,released,Correspondence: biren@ucsd.edu,sn-Hi-C,"Biorep 1, Techrep 1",MboI,WTC-11 AAVS1-GFP C6,Single nucleus Hi-C on WTC-11 with GFP tagged AAVS1,clone 6,raw file,4DN,
284,340.57,reads,fastq,1,1,induced pluripotent stem cell,human,released,Correspondence: biren@ucsd.edu,sn-Hi-C,"Biorep 1, Techrep 1",MboI,WTC-11 AAVS1-GFP C6,Single nucleus Hi-C on WTC-11 with GFP tagged AAVS1,clone 6,raw file,4DN,
285,785.1,reads,fastq,1,1,induced pluripotent stem cell,human,released,Correspondence: biren@ucsd.edu,sn-Hi-C,"Biorep 1, Techrep 1",MboI,WTC-11 AAVS1-GFP C6,Single nucleus Hi-C on WTC-11 with GFP tagged AAVS1,clone 6,raw file,4DN,
286,434.29,reads,fastq,1,1,induced pluripotent stem cell,human,released,Correspondence: biren@ucsd.edu,sn-Hi-C,"Biorep 1, Techrep 1",MboI,WTC-11 AAVS1-GFP C6,Single nucleus Hi-C on WTC-11 with GFP tagged AAVS1,clone 6,raw file,4DN,
287,618.39,reads,fastq,1,1,induced pluripotent stem cell,human,released,Correspondence: biren@ucsd.edu,sn-Hi-C,"Biorep 1, Techrep 1",MboI,WTC-11 AAVS1-GFP C6,Single nucleus Hi-C on WTC-11 with GFP tagged AAVS1,clone 6,raw file,4DN,
288,510.69,reads,fastq,1,1,induced pluripotent stem cell,human,released,Correspondence: biren@ucsd.edu,sn-Hi-C,"Biorep 1, Techrep 1",MboI,WTC-11 AAVS1-GFP C6,Single nucleus Hi-C on WTC-11 with GFP tagged AAVS1,clone 6,raw file,4DN,
289,654.05,reads,fastq,1,1,induced pluripotent stem cell,human,released,Correspondence: biren@ucsd.edu,sn-Hi-C,"Biorep 1, Techrep 1",MboI,WTC-11 AAVS1-GFP C6,Single nucleus Hi-C on WTC-11 with GFP tagged AAVS1,clone 6,raw file,4DN,
290,398.71,reads,fastq,1,1,induced pluripotent stem cell,human,released,Correspondence: biren@ucsd.edu,sn-Hi-C,"Biorep 1, Techrep 1",MboI,WTC-11 AAVS1-GFP C6,Single nucleus Hi-C on WTC-11 with GFP tagged AAVS1,clone 6,raw file,4DN,
291,533.36,reads,fastq,1,1,induced pluripotent stem cell,human,released,Correspondence: biren@ucsd.edu,sn-Hi-C,"Biorep 1, Techrep 1",MboI,WTC-11 AAVS1-GFP C6,Single nucleus Hi-C on WTC-11 with GFP tagged AAVS1,clone 6,raw file,4DN,
292,505.59,reads,fastq,1,1,induced pluripotent stem cell,human,released,Correspondence: biren@ucsd.edu,sn-Hi-C,"Biorep 1, Techrep 1",MboI,WTC-11 AAVS1-GFP C6,Single nucleus Hi-C on WTC-11 with GFP tagged AAVS1,clone 6,raw file,4DN,
293,411.41,reads,fastq,1,1,induced pluripotent stem cell,human,released,Correspondence: biren@ucsd.edu,sn-Hi-C,"Biorep 1, Techrep 1",MboI,WTC-11 AAVS1-GFP C6,Single nucleus Hi-C on WTC-11 with GFP tagged AAVS1,clone 6,raw file,4DN,
294,647.65,reads,fastq,1,1,induced pluripotent stem cell,human,released,Correspondence: biren@ucsd.edu,sn-Hi-C,"Biorep 1, Techrep 1",MboI,WTC-11 AAVS1-GFP C6,Single nucleus Hi-C on WTC-11 with GFP tagged AAVS1,clone 6,raw file,4DN,
295,437.83,reads,fastq,1,1,induced pluripotent stem cell,human,released,Correspondence: biren@ucsd.edu,sn-Hi-C,"Biorep 1, Techrep 1",MboI,WTC-11 AAVS1-GFP C6,Single nucleus Hi-C on WTC-11 with GFP tagged AAVS1,clone 6,raw file,4DN,
296,720.22,reads,fastq,1,1,induced pluripotent stem cell,human,released,Correspondence: biren@ucsd.edu,sn-Hi-C,"Biorep 1, Techrep 1",MboI,WTC-11 AAVS1-GFP C6,Single nucleus Hi-C on WTC-11 with GFP tagged AAVS1,clone 6,raw file,4DN,
297,678.12,reads,fastq,1,1,induced pluripotent stem cell,human,released,Correspondence: biren@ucsd.edu,sn-Hi-C,"Biorep 1, Techrep 1",MboI,WTC-11 AAVS1-GFP C6,Single nucleus Hi-C on WTC-11 with GFP tagged AAVS1,clone 6,raw file,4DN,
298,484.56,reads,fastq,1,1,induced pluripotent stem cell,human,released,Correspondence: biren@ucsd.edu,sn-Hi-C,"Biorep 1, Techrep 1",MboI,WTC-11 AAVS1-GFP C6,Single nucleus Hi-C on WTC-11 with GFP tagged AAVS1,clone 6,raw file,4DN,
299,447.89,reads,fastq,1,1,induced pluripotent stem cell,human,released,Correspondence: biren@ucsd.edu,sn-Hi-C,"Biorep 1, Techrep 1",MboI,WTC-11 AAVS1-GFP C6,Single nucleus Hi-C on WTC-11 with GFP tagged AAVS1,clone 6,raw file,4DN,
300,349.62,reads,fastq,1,1,induced pluripotent stem cell,human,released,Correspondence: biren@ucsd.edu,sn-Hi-C,"Biorep 1, Techrep 1",MboI,WTC-11 AAVS1-GFP C6,Single nucleus Hi-C on WTC-11 with GFP tagged AAVS1,clone 6,raw file,4DN,
301,609.97,reads,fastq,1,1,induced pluripotent stem cell,human,released,Correspondence: biren@ucsd.edu,sn-Hi-C,"Biorep 1, Techrep 1",MboI,WTC-11 AAVS1-GFP C6,Single nucleus Hi-C on WTC-11 with GFP tagged AAVS1,clone 6,raw file,4DN,
302,556.95,reads,fastq,1,1,induced pluripotent stem cell,human,released,Correspondence: biren@ucsd.edu,sn-Hi-C,"Biorep 1, Techrep 1",MboI,WTC-11 AAVS1-GFP C6,Single nucleus Hi-C on WTC-11 with GFP tagged AAVS1,clone 6,raw file,4DN,
303,620.62,reads,fastq,1,1,induced pluripotent stem cell,human,released,Correspondence: biren@ucsd.edu,sn-Hi-C,"Biorep 1, Techrep 1",MboI,WTC-11 AAVS1-GFP C6,Single nucleus Hi-C on WTC-11 with GFP tagged AAVS1,clone 6,raw file,4DN,
304,706.38,reads,fastq,1,1,induced pluripotent stem cell,human,released,Correspondence: biren@ucsd.edu,sn-Hi-C,"Biorep 1, Techrep 1",MboI,WTC-11 AAVS1-GFP C6,Single nucleus Hi-C on WTC-11 with GFP tagged AAVS1,clone 6,raw file,4DN,
305,575.83,reads,fastq,1,1,induced pluripotent stem cell,human,released,Correspondence: biren@ucsd.edu,sn-Hi-C,"Biorep 1, Techrep 1",MboI,WTC-11 AAVS1-GFP C6,Single nucleus Hi-C on WTC-11 with GFP tagged AAVS1,clone 6,raw file,4DN,
306,643.05,reads,fastq,1,1,induced pluripotent stem cell,human,released,Correspondence: biren@ucsd.edu,sn-Hi-C,"Biorep 1, Techrep 1",MboI,WTC-11 AAVS1-GFP C6,Single nucleus Hi-C on WTC-11 with GFP tagged AAVS1,clone 6,raw file,4DN,
307,607.49,reads,fastq,1,1,induced pluripotent stem cell,human,released,Correspondence: biren@ucsd.edu,sn-Hi-C,"Biorep 1, Techrep 1",MboI,WTC-11 AAVS1-GFP C6,Single nucleus Hi-C on WTC-11 with GFP tagged AAVS1,clone 6,raw file,4DN,
308,472.01,reads,fastq,1,1,induced pluripotent stem cell,human,released,Correspondence: biren@ucsd.edu,sn-Hi-C,"Biorep 1, Techrep 1",MboI,WTC-11 AAVS1-GFP C6,Single nucleus Hi-C on WTC-11 with GFP tagged AAVS1,clone 6,raw file,4DN,
309,359.48,reads,fastq,1,1,induced pluripotent stem cell,human,released,Correspondence: biren@ucsd.edu,sn-Hi-C,"Biorep 1, Techrep 1",MboI,WTC-11 AAVS1-GFP C6,Single nucleus Hi-C on WTC-11 with GFP tagged AAVS1,clone 6,raw file,4DN,
310,193.95,reads,fastq,1,1,induced pluripotent stem cell,human,released,Correspondence: biren@ucsd.edu,sn-Hi-C,"Biorep 1, Techrep 1",MboI,WTC-11 AAVS1-GFP C6,Single nucleus Hi-C on WTC-11 with GFP tagged AAVS1,clone 6,raw file,4DN,
311,405.67,reads,fastq,1,1,induced pluripotent stem cell,human,released,Correspondence: biren@ucsd.edu,sn-Hi-C,"Biorep 1, Techrep 1",MboI,WTC-11 AAVS1-GFP C6,Single nucleus Hi-C on WTC-11 with GFP tagged AAVS1,clone 6,raw file,4DN,
312,422.07,reads,fastq,1,1,induced pluripotent stem cell,human,released,Correspondence: biren@ucsd.edu,sn-Hi-C,"Biorep 1, Techrep 1",MboI,WTC-11 AAVS1-GFP C6,Single nucleus Hi-C on WTC-11 with GFP tagged AAVS1,clone 6,raw file,4DN,
313,50.85,reads,fastq,1,1,induced pluripotent stem cell,human,released,Correspondence: biren@ucsd.edu,sn-Hi-C,"Biorep 1, Techrep 1",MboI,WTC-11 AAVS1-GFP C6,Single nucleus Hi-C on WTC-11 with GFP tagged AAVS1,clone 6,raw file,4DN,
314,255.15,reads,fastq,1,1,induced pluripotent stem cell,human,released,Correspondence: biren@ucsd.edu,sn-Hi-C,"Biorep 1, Techrep 1",MboI,WTC-11 AAVS1-GFP C6,Single nucleus Hi-C on WTC-11 with GFP tagged AAVS1,clone 6,raw file,4DN,
315,640.11,reads,fastq,1,1,induced pluripotent stem cell,human,released,Correspondence: biren@ucsd.edu,sn-Hi-C,"Biorep 1, Techrep 1",MboI,WTC-11 AAVS1-GFP C6,Single nucleus Hi-C on WTC-11 with GFP tagged AAVS1,clone 6,raw file,4DN,
316,727.01,reads,fastq,1,1,induced pluripotent stem cell,human,released,Correspondence: biren@ucsd.edu,sn-Hi-C,"Biorep 1, Techrep 1",MboI,WTC-11 AAVS1-GFP C6,Single nucleus Hi-C on WTC-11 with GFP tagged AAVS1,clone 6,raw file,4DN,
317,724.44,reads,fastq,1,1,induced pluripotent stem cell,human,released,Correspondence: biren@ucsd.edu,sn-Hi-C,"Biorep 1, Techrep 1",MboI,WTC-11 AAVS1-GFP C6,Single nucleus Hi-C on WTC-11 with GFP tagged AAVS1,clone 6,raw file,4DN,
318,539.09,reads,fastq,1,1,induced pluripotent stem cell,human,released,Correspondence: biren@ucsd.edu,sn-Hi-C,"Biorep 1, Techrep 1",MboI,WTC-11 AAVS1-GFP C6,Single nucleus Hi-C on WTC-11 with GFP tagged AAVS1,clone 6,raw file,4DN,
319,494.99,reads,fastq,1,1,induced pluripotent stem cell,human,released,Correspondence: biren@ucsd.edu,sn-Hi-C,"Biorep 1, Techrep 1",MboI,WTC-11 AAVS1-GFP C6,Single nucleus Hi-C on WTC-11 with GFP tagged AAVS1,clone 6,raw file,4DN,
320,482.52,reads,fastq,1,1,induced pluripotent stem cell,human,released,Correspondence: biren@ucsd.edu,sn-Hi-C,"Biorep 1, Techrep 1",MboI,WTC-11 AAVS1-GFP C6,Single nucleus Hi-C on WTC-11 with GFP tagged AAVS1,clone 6,raw file,4DN,
321,643.29,reads,fastq,1,1,induced pluripotent stem cell,human,released,Correspondence: biren@ucsd.edu,sn-Hi-C,"Biorep 1, Techrep 1",MboI,WTC-11 AAVS1-GFP C6,Single nucleus Hi-C on WTC-11 with GFP tagged AAVS1,clone 6,raw file,4DN,
322,454.78,reads,fastq,1,1,induced pluripotent stem cell,human,released,Correspondence: biren@ucsd.edu,sn-Hi-C,"Biorep 1, Techrep 1",MboI,WTC-11 AAVS1-GFP C6,Single nucleus Hi-C on WTC-11 with GFP tagged AAVS1,clone 6,raw file,4DN,
323,557.34,reads,fastq,1,1,induced pluripotent stem cell,human,released,Correspondence: biren@ucsd.edu,sn-Hi-C,"Biorep 1, Techrep 1",MboI,WTC-11 AAVS1-GFP C6,Single nucleus Hi-C on WTC-11 with GFP tagged AAVS1,clone 6,raw file,4DN,
324,110.95,reads,fastq,1,1,induced pluripotent stem cell,human,released,Correspondence: biren@ucsd.edu,sn-Hi-C,"Biorep 1, Techrep 1",MboI,WTC-11 AAVS1-GFP C6,Single nucleus Hi-C on WTC-11 with GFP tagged AAVS1,clone 6,raw file,4DN,
325,832.22,reads,fastq,1,1,induced pluripotent stem cell,human,released,Correspondence: biren@ucsd.edu,sn-Hi-C,"Biorep 1, Techrep 1",MboI,WTC-11 AAVS1-GFP C6,Single nucleus Hi-C on WTC-11 with GFP tagged AAVS1,clone 6,raw file,4DN,
326,424.89,reads,fastq,1,1,induced pluripotent stem cell,human,released,Correspondence: biren@ucsd.edu,sn-Hi-C,"Biorep 1, Techrep 1",MboI,WTC-11 AAVS1-GFP C6,Single nucleus Hi-C on WTC-11 with GFP tagged AAVS1,clone 6,raw file,4DN,
327,615.19,reads,fastq,1,1,induced pluripotent stem cell,human,released,Correspondence: biren@ucsd.edu,sn-Hi-C,"Biorep 1, Techrep 1",MboI,WTC-11 AAVS1-GFP C6,Single nucleus Hi-C on WTC-11 with GFP tagged AAVS1,clone 6,raw file,4DN,
328,616.11,reads,fastq,1,1,induced pluripotent stem cell,human,released,Correspondence: biren@ucsd.edu,sn-Hi-C,"Biorep 1, Techrep 1",MboI,WTC-11 AAVS1-GFP C6,Single nucleus Hi-C on WTC-11 with GFP tagged AAVS1,clone 6,raw file,4DN,
329,636.31,reads,fastq,1,1,induced pluripotent stem cell,human,released,Correspondence: biren@ucsd.edu,sn-Hi-C,"Biorep 1, Techrep 1",MboI,WTC-11 AAVS1-GFP C6,Single nucleus Hi-C on WTC-11 with GFP tagged AAVS1,clone 6,raw file,4DN,
330,530.41,reads,fastq,1,1,induced pluripotent stem cell,human,released,Correspondence: biren@ucsd.edu,sn-Hi-C,"Biorep 1, Techrep 1",MboI,WTC-11 AAVS1-GFP C6,Single nucleus Hi-C on WTC-11 with GFP tagged AAVS1,clone 6,raw file,4DN,
331,487.95,reads,fastq,1,1,induced pluripotent stem cell,human,released,Correspondence: biren@ucsd.edu,sn-Hi-C,"Biorep 1, Techrep 1",MboI,WTC-11 AAVS1-GFP C6,Single nucleus Hi-C on WTC-11 with GFP tagged AAVS1,clone 6,raw file,4DN,
332,678.23,reads,fastq,1,1,induced pluripotent stem cell,human,released,Correspondence: biren@ucsd.edu,sn-Hi-C,"Biorep 1, Techrep 1",MboI,WTC-11 AAVS1-GFP C6,Single nucleus Hi-C on WTC-11 with GFP tagged AAVS1,clone 6,raw file,4DN,
333,614.74,reads,fastq,1,1,induced pluripotent stem cell,human,released,Correspondence: biren@ucsd.edu,sn-Hi-C,"Biorep 1, Techrep 1",MboI,WTC-11 AAVS1-GFP C6,Single nucleus Hi-C on WTC-11 with GFP tagged AAVS1,clone 6,raw file,4DN,
334,704.89,reads,fastq,1,1,induced pluripotent stem cell,human,released,Correspondence: biren@ucsd.edu,sn-Hi-C,"Biorep 1, Techrep 1",MboI,WTC-11 AAVS1-GFP C6,Single nucleus Hi-C on WTC-11 with GFP tagged AAVS1,clone 6,raw file,4DN,
335,247.04,reads,fastq,1,1,induced pluripotent stem cell,human,released,Correspondence: biren@ucsd.edu,sn-Hi-C,"Biorep 1, Techrep 1",MboI,WTC-11 AAVS1-GFP C6,Single nucleus Hi-C on WTC-11 with GFP tagged AAVS1,clone 6,raw file,4DN,
336,627.74,reads,fastq,1,1,induced pluripotent stem cell,human,released,Correspondence: biren@ucsd.edu,sn-Hi-C,"Biorep 1, Techrep 1",MboI,WTC-11 AAVS1-GFP C6,Single nucleus Hi-C on WTC-11 with GFP tagged AAVS1,clone 6,raw file,4DN,
337,256.71,reads,fastq,1,1,induced pluripotent stem cell,human,released,Correspondence: biren@ucsd.edu,sn-Hi-C,"Biorep 1, Techrep 1",MboI,WTC-11 AAVS1-GFP C6,Single nucleus Hi-C on WTC-11 with GFP tagged AAVS1,clone 6,raw file,4DN,
338,447.52,reads,fastq,1,1,induced pluripotent stem cell,human,released,Correspondence: biren@ucsd.edu,sn-Hi-C,"Biorep 1, Techrep 1",MboI,WTC-11 AAVS1-GFP C6,Single nucleus Hi-C on WTC-11 with GFP tagged AAVS1,clone 6,raw file,4DN,
339,705.96,reads,fastq,1,1,induced pluripotent stem cell,human,released,Correspondence: biren@ucsd.edu,sn-Hi-C,"Biorep 1, Techrep 1",MboI,WTC-11 AAVS1-GFP C6,Single nucleus Hi-C on WTC-11 with GFP tagged AAVS1,clone 6,raw file,4DN,
340,393.61,reads,fastq,1,1,induced pluripotent stem cell,human,released,Correspondence: biren@ucsd.edu,sn-Hi-C,"Biorep 1, Techrep 1",MboI,WTC-11 AAVS1-GFP C6,Single nucleus Hi-C on WTC-11 with GFP tagged AAVS1,clone 6,raw file,4DN,
341,498.08,reads,fastq,1,1,induced pluripotent stem cell,human,released,Correspondence: biren@ucsd.edu,sn-Hi-C,"Biorep 1, Techrep 1",MboI,WTC-11 AAVS1-GFP C6,Single nucleus Hi-C on WTC-11 with GFP tagged AAVS1,clone 6,raw file,4DN,
342,579.54,reads,fastq,1,1,induced pluripotent stem cell,human,released,Correspondence: biren@ucsd.edu,sn-Hi-C,"Biorep 1, Techrep 1",MboI,WTC-11 AAVS1-GFP C6,Single nucleus Hi-C on WTC-11 with GFP tagged AAVS1,clone 6,raw file,4DN,
343,445.06,reads,fastq,1,1,induced pluripotent stem cell,human,released,Correspondence: biren@ucsd.edu,sn-Hi-C,"Biorep 1, Techrep 1",MboI,WTC-11 AAVS1-GFP C6,Single nucleus Hi-C on WTC-11 with GFP tagged AAVS1,clone 6,raw file,4DN,
344,508.58,reads,fastq,1,1,induced pluripotent stem cell,human,released,Correspondence: biren@ucsd.edu,sn-Hi-C,"Biorep 1, Techrep 1",MboI,WTC-11 AAVS1-GFP C6,Single nucleus Hi-C on WTC-11 with GFP tagged AAVS1,clone 6,raw file,4DN,
345,272.34,reads,fastq,1,1,induced pluripotent stem cell,human,released,Correspondence: biren@ucsd.edu,sn-Hi-C,"Biorep 1, Techrep 1",MboI,WTC-11 AAVS1-GFP C6,Single nucleus Hi-C on WTC-11 with GFP tagged AAVS1,clone 6,raw file,4DN,
346,746.54,reads,fastq,1,1,induced pluripotent stem cell,human,released,Correspondence: biren@ucsd.edu,sn-Hi-C,"Biorep 1, Techrep 1",MboI,WTC-11 AAVS1-GFP C6,Single nucleus Hi-C on WTC-11 with GFP tagged AAVS1,clone 6,raw file,4DN,
347,432.22,reads,fastq,1,1,induced pluripotent stem cell,human,released,Correspondence: biren@ucsd.edu,sn-Hi-C,"Biorep 1, Techrep 1",MboI,WTC-11 AAVS1-GFP C6,Single nucleus Hi-C on WTC-11 with GFP tagged AAVS1,clone 6,raw file,4DN,
348,606.66,reads,fastq,1,1,induced pluripotent stem cell,human,released,Correspondence: biren@ucsd.edu,sn-Hi-C,"Biorep 1, Techrep 1",MboI,WTC-11 AAVS1-GFP C6,Single nucleus Hi-C on WTC-11 with GFP tagged AAVS1,clone 6,raw file,4DN,
349,654.36,reads,fastq,1,1,induced pluripotent stem cell,human,released,Correspondence: biren@ucsd.edu,sn-Hi-C,"Biorep 1, Techrep 1",MboI,WTC-11 AAVS1-GFP C6,Single nucleus Hi-C on WTC-11 with GFP tagged AAVS1,clone 6,raw file,4DN,
350,639.53,reads,fastq,1,1,induced pluripotent stem cell,human,released,Correspondence: biren@ucsd.edu,sn-Hi-C,"Biorep 1, Techrep 1",MboI,WTC-11 AAVS1-GFP C6,Single nucleus Hi-C on WTC-11 with GFP tagged AAVS1,clone 6,raw file,4DN,
351,789.82,reads,fastq,1,1,induced pluripotent stem cell,human,released,Correspondence: biren@ucsd.edu,sn-Hi-C,"Biorep 1, Techrep 1",MboI,WTC-11 AAVS1-GFP C6,Single nucleus Hi-C on WTC-11 with GFP tagged AAVS1,clone 6,raw file,4DN,
352,368.59,reads,fastq,1,1,induced pluripotent stem cell,human,released,Correspondence: biren@ucsd.edu,sn-Hi-C,"Biorep 1, Techrep 1",MboI,WTC-11 AAVS1-GFP C6,Single nucleus Hi-C on WTC-11 with GFP tagged AAVS1,clone 6,raw file,4DN,
353,667.32,reads,fastq,1,1,induced pluripotent stem cell,human,released,Correspondence: biren@ucsd.edu,sn-Hi-C,"Biorep 1, Techrep 1",MboI,WTC-11 AAVS1-GFP C6,Single nucleus Hi-C on WTC-11 with GFP tagged AAVS1,clone 6,raw file,4DN,
354,812.74,reads,fastq,1,1,induced pluripotent stem cell,human,released,Correspondence: biren@ucsd.edu,sn-Hi-C,"Biorep 1, Techrep 1",MboI,WTC-11 AAVS1-GFP C6,Single nucleus Hi-C on WTC-11 with GFP tagged AAVS1,clone 6,raw file,4DN,
355,770.14,reads,fastq,1,1,induced pluripotent stem cell,human,released,Correspondence: biren@ucsd.edu,sn-Hi-C,"Biorep 1, Techrep 1",MboI,WTC-11 AAVS1-GFP C6,Single nucleus Hi-C on WTC-11 with GFP tagged AAVS1,clone 6,raw file,4DN,
356,525.16,reads,fastq,1,1,induced pluripotent stem cell,human,released,Correspondence: biren@ucsd.edu,sn-Hi-C,"Biorep 1, Techrep 1",MboI,WTC-11 AAVS1-GFP C6,Single nucleus Hi-C on WTC-11 with GFP tagged AAVS1,clone 6,raw file,4DN,
357,702.6,reads,fastq,1,1,induced pluripotent stem cell,human,released,Correspondence: biren@ucsd.edu,sn-Hi-C,"Biorep 1, Techrep 1",MboI,WTC-11 AAVS1-GFP C6,Single nucleus Hi-C on WTC-11 with GFP tagged AAVS1,clone 6,raw file,4DN,
358,435.95,reads,fastq,1,1,induced pluripotent stem cell,human,released,Correspondence: biren@ucsd.edu,sn-Hi-C,"Biorep 1, Techrep 1",MboI,WTC-11 AAVS1-GFP C6,Single nucleus Hi-C on WTC-11 with GFP tagged AAVS1,clone 6,raw file,4DN,
359,179.89,reads,fastq,1,1,induced pluripotent stem cell,human,released,Correspondence: biren@ucsd.edu,sn-Hi-C,"Biorep 1, Techrep 1",MboI,WTC-11 AAVS1-GFP C6,Single nucleus Hi-C on WTC-11 with GFP tagged AAVS1,clone 6,raw file,4DN,
360,564.15,reads,fastq,1,1,induced pluripotent stem cell,human,released,Correspondence: biren@ucsd.edu,sn-Hi-C,"Biorep 1, Techrep 1",MboI,WTC-11 AAVS1-GFP C6,Single nucleus Hi-C on WTC-11 with GFP tagged AAVS1,clone 6,raw file,4DN,
361,612.12,reads,fastq,1,1,induced pluripotent stem cell,human,released,Correspondence: biren@ucsd.edu,sn-Hi-C,"Biorep 1, Techrep 1",MboI,WTC-11 AAVS1-GFP C6,Single nucleus Hi-C on WTC-11 with GFP tagged AAVS1,clone 6,raw file,4DN,
362,457.4,reads,fastq,1,1,induced pluripotent stem cell,human,released,Correspondence: biren@ucsd.edu,sn-Hi-C,"Biorep 1, Techrep 1",MboI,WTC-11 AAVS1-GFP C6,Single nucleus Hi-C on WTC-11 with GFP tagged AAVS1,clone 6,raw file,4DN,
363,719.49,reads,fastq,1,1,induced pluripotent stem cell,human,released,Correspondence: biren@ucsd.edu,sn-Hi-C,"Biorep 1, Techrep 1",MboI,WTC-11 AAVS1-GFP C6,Single nucleus Hi-C on WTC-11 with GFP tagged AAVS1,clone 6,raw file,4DN,
364,96.26,reads,fastq,1,1,induced pluripotent stem cell,human,released,Correspondence: biren@ucsd.edu,sn-Hi-C,"Biorep 1, Techrep 1",MboI,WTC-11 AAVS1-GFP C6,Single nucleus Hi-C on WTC-11 with GFP tagged AAVS1,clone 6,raw file,4DN,
365,372.93,reads,fastq,1,1,induced pluripotent stem cell,human,released,Correspondence: biren@ucsd.edu,sn-Hi-C,"Biorep 1, Techrep 1",MboI,WTC-11 AAVS1-GFP C6,Single nucleus Hi-C on WTC-11 with GFP tagged AAVS1,clone 6,raw file,4DN,
366,394.22,reads,fastq,1,1,induced pluripotent stem cell,human,released,Correspondence: biren@ucsd.edu,sn-Hi-C,"Biorep 1, Techrep 1",MboI,WTC-11 AAVS1-GFP C6,Single nucleus Hi-C on WTC-11 with GFP tagged AAVS1,clone 6,raw file,4DN,
367,542.95,reads,fastq,1,1,induced pluripotent stem cell,human,released,Correspondence: biren@ucsd.edu,sn-Hi-C,"Biorep 1, Techrep 1",MboI,WTC-11 AAVS1-GFP C6,Single nucleus Hi-C on WTC-11 with GFP tagged AAVS1,clone 6,raw file,4DN,
368,680.88,reads,fastq,1,1,induced pluripotent stem cell,human,released,Correspondence: biren@ucsd.edu,sn-Hi-C,"Biorep 1, Techrep 1",MboI,WTC-11 AAVS1-GFP C6,Single nucleus Hi-C on WTC-11 with GFP tagged AAVS1,clone 6,raw file,4DN,
369,606.56,reads,fastq,1,1,induced pluripotent stem cell,human,released,Correspondence: biren@ucsd.edu,sn-Hi-C,"Biorep 1, Techrep 1",MboI,WTC-11 AAVS1-GFP C6,Single nucleus Hi-C on WTC-11 with GFP tagged AAVS1,clone 6,raw file,4DN,
370,403.54,reads,fastq,1,1,induced pluripotent stem cell,human,released,Correspondence: biren@ucsd.edu,sn-Hi-C,"Biorep 1, Techrep 1",MboI,WTC-11 AAVS1-GFP C6,Single nucleus Hi-C on WTC-11 with GFP tagged AAVS1,clone 6,raw file,4DN,
371,271.82,reads,fastq,1,1,induced pluripotent stem cell,human,released,Correspondence: biren@ucsd.edu,sn-Hi-C,"Biorep 1, Techrep 1",MboI,WTC-11 AAVS1-GFP C6,Single nucleus Hi-C on WTC-11 with GFP tagged AAVS1,clone 6,raw file,4DN,
372,652.96,reads,fastq,1,1,induced pluripotent stem cell,human,released,Correspondence: biren@ucsd.edu,sn-Hi-C,"Biorep 1, Techrep 1",MboI,WTC-11 AAVS1-GFP C6,Single nucleus Hi-C on WTC-11 with GFP tagged AAVS1,clone 6,raw file,4DN,
373,570.27,reads,fastq,1,1,induced pluripotent stem cell,human,released,Correspondence: biren@ucsd.edu,sn-Hi-C,"Biorep 1, Techrep 1",MboI,WTC-11 AAVS1-GFP C6,Single nucleus Hi-C on WTC-11 with GFP tagged AAVS1,clone 6,raw file,4DN,
374,111.85,reads,fastq,1,1,induced pluripotent stem cell,human,released,Correspondence: biren@ucsd.edu,sn-Hi-C,"Biorep 1, Techrep 1",MboI,WTC-11 AAVS1-GFP C6,Single nucleus Hi-C on WTC-11 with GFP tagged AAVS1,clone 6,raw file,4DN,
375,622.66,reads,fastq,1,1,induced pluripotent stem cell,human,released,Correspondence: biren@ucsd.edu,sn-Hi-C,"Biorep 1, Techrep 1",MboI,WTC-11 AAVS1-GFP C6,Single nucleus Hi-C on WTC-11 with GFP tagged AAVS1,clone 6,raw file,4DN,
376,49.61,reads,fastq,1,1,induced pluripotent stem cell,human,released,Correspondence: biren@ucsd.edu,sn-Hi-C,"Biorep 1, Techrep 1",MboI,WTC-11 AAVS1-GFP C6,Single nucleus Hi-C on WTC-11 with GFP tagged AAVS1,clone 6,raw file,4DN,
377,431.43,reads,fastq,1,1,induced pluripotent stem cell,human,released,Correspondence: biren@ucsd.edu,sn-Hi-C,"Biorep 1, Techrep 1",MboI,WTC-11 AAVS1-GFP C6,Single nucleus Hi-C on WTC-11 with GFP tagged AAVS1,clone 6,raw file,4DN,
378,456.69,reads,fastq,1,1,induced pluripotent stem cell,human,released,Correspondence: biren@ucsd.edu,sn-Hi-C,"Biorep 1, Techrep 1",MboI,WTC-11 AAVS1-GFP C6,Single nucleus Hi-C on WTC-11 with GFP tagged AAVS1,clone 6,raw file,4DN,
379,767.43,reads,fastq,1,1,induced pluripotent stem cell,human,released,Correspondence: biren@ucsd.edu,sn-Hi-C,"Biorep 1, Techrep 1",MboI,WTC-11 AAVS1-GFP C6,Single nucleus Hi-C on WTC-11 with GFP tagged AAVS1,clone 6,raw file,4DN,
380,681.14,reads,fastq,1,1,induced pluripotent stem cell,human,released,Correspondence: biren@ucsd.edu,sn-Hi-C,"Biorep 1, Techrep 1",MboI,WTC-11 AAVS1-GFP C6,Single nucleus Hi-C on WTC-11 with GFP tagged AAVS1,clone 6,raw file,4DN,
381,601.57,reads,fastq,1,1,induced pluripotent stem cell,human,released,Correspondence: biren@ucsd.edu,sn-Hi-C,"Biorep 1, Techrep 1",MboI,WTC-11 AAVS1-GFP C6,Single nucleus Hi-C on WTC-11 with GFP tagged AAVS1,clone 6,raw file,4DN,
382,525.7,reads,fastq,1,1,induced pluripotent stem cell,human,released,Correspondence: biren@ucsd.edu,sn-Hi-C,"Biorep 1, Techrep 1",MboI,WTC-11 AAVS1-GFP C6,Single nucleus Hi-C on WTC-11 with GFP tagged AAVS1,clone 6,raw file,4DN,
383,577.56,reads,fastq,1,1,induced pluripotent stem cell,human,released,Correspondence: biren@ucsd.edu,sn-Hi-C,"Biorep 1, Techrep 1",MboI,WTC-11 AAVS1-GFP C6,Single nucleus Hi-C on WTC-11 with GFP tagged AAVS1,clone 6,raw file,4DN,
384,604.78,reads,fastq,1,1,induced pluripotent stem cell,human,released,Correspondence: biren@ucsd.edu,sn-Hi-C,"Biorep 1, Techrep 1",MboI,WTC-11 AAVS1-GFP C6,Single nucleus Hi-C on WTC-11 with GFP tagged AAVS1,clone 6,raw file,4DN,
385,614.75,reads,fastq,1,1,induced pluripotent stem cell,human,released,Correspondence: biren@ucsd.edu,sn-Hi-C,"Biorep 1, Techrep 1",MboI,WTC-11 AAVS1-GFP C6,Single nucleus Hi-C on WTC-11 with GFP tagged AAVS1,clone 6,raw file,4DN,
386,651.2,reads,fastq,1,1,induced pluripotent stem cell,human,released,Correspondence: biren@ucsd.edu,sn-Hi-C,"Biorep 1, Techrep 1",MboI,WTC-11 AAVS1-GFP C6,Single nucleus Hi-C on WTC-11 with GFP tagged AAVS1,clone 6,raw file,4DN,
387,581.86,reads,fastq,1,1,induced pluripotent stem cell,human,released,Correspondence: biren@ucsd.edu,sn-Hi-C,"Biorep 1, Techrep 1",MboI,WTC-11 AAVS1-GFP C6,Single nucleus Hi-C on WTC-11 with GFP tagged AAVS1,clone 6,raw file,4DN,
388,679.68,reads,fastq,1,1,induced pluripotent stem cell,human,released,Correspondence: biren@ucsd.edu,sn-Hi-C,"Biorep 1, Techrep 1",MboI,WTC-11 AAVS1-GFP C6,Single nucleus Hi-C on WTC-11 with GFP tagged AAVS1,clone 6,raw file,4DN,
389,676.16,reads,fastq,1,1,induced pluripotent stem cell,human,released,Correspondence: biren@ucsd.edu,sn-Hi-C,"Biorep 1, Techrep 1",MboI,WTC-11 AAVS1-GFP C6,Single nucleus Hi-C on WTC-11 with GFP tagged AAVS1,clone 6,raw file,4DN,
390,241.06,reads,fastq,1,1,induced pluripotent stem cell,human,released,Correspondence: biren@ucsd.edu,sn-Hi-C,"Biorep 1, Techrep 1",MboI,WTC-11 AAVS1-GFP C6,Single nucleus Hi-C on WTC-11 with GFP tagged AAVS1,clone 6,raw file,4DN,
391,540.6,reads,fastq,1,1,induced pluripotent stem cell,human,released,Correspondence: biren@ucsd.edu,sn-Hi-C,"Biorep 1, Techrep 1",MboI,WTC-11 AAVS1-GFP C6,Single nucleus Hi-C on WTC-11 with GFP tagged AAVS1,clone 6,raw file,4DN,
392,635.51,reads,fastq,1,1,induced pluripotent stem cell,human,released,Correspondence: biren@ucsd.edu,sn-Hi-C,"Biorep 1, Techrep 1",MboI,WTC-11 AAVS1-GFP C6,Single nucleus Hi-C on WTC-11 with GFP tagged AAVS1,clone 6,raw file,4DN,
393,446.18,reads,fastq,1,1,induced pluripotent stem cell,human,released,Correspondence: biren@ucsd.edu,sn-Hi-C,"Biorep 1, Techrep 1",MboI,WTC-11 AAVS1-GFP C6,Single nucleus Hi-C on WTC-11 with GFP tagged AAVS1,clone 6,raw file,4DN,
394,512.12,reads,fastq,1,1,induced pluripotent stem cell,human,released,Correspondence: biren@ucsd.edu,sn-Hi-C,"Biorep 1, Techrep 1",MboI,WTC-11 AAVS1-GFP C6,Single nucleus Hi-C on WTC-11 with GFP tagged AAVS1,clone 6,raw file,4DN,
395,584.81,reads,fastq,1,1,induced pluripotent stem cell,human,released,Correspondence: biren@ucsd.edu,sn-Hi-C,"Biorep 1, Techrep 1",MboI,WTC-11 AAVS1-GFP C6,Single nucleus Hi-C on WTC-11 with GFP tagged AAVS1,clone 6,raw file,4DN,
396,639.11,reads,fastq,1,1,induced pluripotent stem cell,human,released,Correspondence: biren@ucsd.edu,sn-Hi-C,"Biorep 1, Techrep 1",MboI,WTC-11 AAVS1-GFP C6,Single nucleus Hi-C on WTC-11 with GFP tagged AAVS1,clone 6,raw file,4DN,
397,624.91,reads,fastq,1,1,induced pluripotent stem cell,human,released,Correspondence: biren@ucsd.edu,sn-Hi-C,"Biorep 1, Techrep 1",MboI,WTC-11 AAVS1-GFP C6,Single nucleus Hi-C on WTC-11 with GFP tagged AAVS1,clone 6,raw file,4DN,
398,437.26,reads,fastq,1,1,induced pluripotent stem cell,human,released,Correspondence: biren@ucsd.edu,sn-Hi-C,"Biorep 1, Techrep 1",MboI,WTC-11 AAVS1-GFP C6,Single nucleus Hi-C on WTC-11 with GFP tagged AAVS1,clone 6,raw file,4DN,
399,730.79,reads,fastq,1,1,induced pluripotent stem cell,human,released,Correspondence: biren@ucsd.edu,sn-Hi-C,"Biorep 1, Techrep 1",MboI,WTC-11 AAVS1-GFP C6,Single nucleus Hi-C on WTC-11 with GFP tagged AAVS1,clone 6,raw file,4DN,
400,263.36,reads,fastq,1,1,induced pluripotent stem cell,human,released,Correspondence: biren@ucsd.edu,sn-Hi-C,"Biorep 1, Techrep 1",MboI,WTC-11 AAVS1-GFP C6,Single nucleus Hi-C on WTC-11 with GFP tagged AAVS1,clone 6,raw file,4DN,
401,148.1,reads,fastq,1,1,induced pluripotent stem cell,human,released,Correspondence: biren@ucsd.edu,sn-Hi-C,"Biorep 1, Techrep 1",MboI,WTC-11 AAVS1-GFP C6,Single nucleus Hi-C on WTC-11 with GFP tagged AAVS1,clone 6,raw file,4DN,
402,534.38,reads,fastq,1,1,induced pluripotent stem cell,human,released,Correspondence: biren@ucsd.edu,sn-Hi-C,"Biorep 1, Techrep 1",MboI,WTC-11 AAVS1-GFP C6,Single nucleus Hi-C on WTC-11 with GFP tagged AAVS1,clone 6,raw file,4DN,
403,522.66,reads,fastq,1,1,induced pluripotent stem cell,human,released,Correspondence: biren@ucsd.edu,sn-Hi-C,"Biorep 1, Techrep 1",MboI,WTC-11 AAVS1-GFP C6,Single nucleus Hi-C on WTC-11 with GFP tagged AAVS1,clone 6,raw file,4DN,
404,595.44,reads,fastq,1,1,induced pluripotent stem cell,human,released,Correspondence: biren@ucsd.edu,sn-Hi-C,"Biorep 1, Techrep 1",MboI,WTC-11 AAVS1-GFP C6,Single nucleus Hi-C on WTC-11 with GFP tagged AAVS1,clone 6,raw file,4DN,
405,639.39,reads,fastq,1,1,induced pluripotent stem cell,human,released,Correspondence: biren@ucsd.edu,sn-Hi-C,"Biorep 1, Techrep 1",MboI,WTC-11 AAVS1-GFP C6,Single nucleus Hi-C on WTC-11 with GFP tagged AAVS1,clone 6,raw file,4DN,
406,234.14,reads,fastq,1,1,induced pluripotent stem cell,human,released,Correspondence: biren@ucsd.edu,sn-Hi-C,"Biorep 1, Techrep 1",MboI,WTC-11 AAVS1-GFP C6,Single nucleus Hi-C on WTC-11 with GFP tagged AAVS1,clone 6,raw file,4DN,
407,407.7,reads,fastq,1,1,induced pluripotent stem cell,human,released,Correspondence: biren@ucsd.edu,sn-Hi-C,"Biorep 1, Techrep 1",MboI,WTC-11 AAVS1-GFP C6,Single nucleus Hi-C on WTC-11 with GFP tagged AAVS1,clone 6,raw file,4DN,
408,610.31,reads,fastq,1,1,induced pluripotent stem cell,human,released,Correspondence: biren@ucsd.edu,sn-Hi-C,"Biorep 1, Techrep 1",MboI,WTC-11 AAVS1-GFP C6,Single nucleus Hi-C on WTC-11 with GFP tagged AAVS1,clone 6,raw file,4DN,
409,273.05,reads,fastq,1,1,induced pluripotent stem cell,human,released,Correspondence: biren@ucsd.edu,sn-Hi-C,"Biorep 1, Techrep 1",MboI,WTC-11 AAVS1-GFP C6,Single nucleus Hi-C on WTC-11 with GFP tagged AAVS1,clone 6,raw file,4DN,
410,524.23,reads,fastq,1,1,induced pluripotent stem cell,human,released,Correspondence: biren@ucsd.edu,sn-Hi-C,"Biorep 1, Techrep 1",MboI,WTC-11 AAVS1-GFP C6,Single nucleus Hi-C on WTC-11 with GFP tagged AAVS1,clone 6,raw file,4DN,
411,496.79,reads,fastq,1,1,induced pluripotent stem cell,human,released,Correspondence: biren@ucsd.edu,sn-Hi-C,"Biorep 1, Techrep 1",MboI,WTC-11 AAVS1-GFP C6,Single nucleus Hi-C on WTC-11 with GFP tagged AAVS1,clone 6,raw file,4DN,
412,706.79,reads,fastq,1,1,induced pluripotent stem cell,human,released,Correspondence: biren@ucsd.edu,sn-Hi-C,"Biorep 1, Techrep 1",MboI,WTC-11 AAVS1-GFP C6,Single nucleus Hi-C on WTC-11 with GFP tagged AAVS1,clone 6,raw file,4DN,
413,529.9,reads,fastq,1,1,induced pluripotent stem cell,human,released,Correspondence: biren@ucsd.edu,sn-Hi-C,"Biorep 1, Techrep 1",MboI,WTC-11 AAVS1-GFP C6,Single nucleus Hi-C on WTC-11 with GFP tagged AAVS1,clone 6,raw file,4DN,
414,460.07,reads,fastq,1,1,induced pluripotent stem cell,human,released,Correspondence: biren@ucsd.edu,sn-Hi-C,"Biorep 1, Techrep 1",MboI,WTC-11 AAVS1-GFP C6,Single nucleus Hi-C on WTC-11 with GFP tagged AAVS1,clone 6,raw file,4DN,
415,518.87,reads,fastq,1,1,induced pluripotent stem cell,human,released,Correspondence: biren@ucsd.edu,sn-Hi-C,"Biorep 1, Techrep 1",MboI,WTC-11 AAVS1-GFP C6,Single nucleus Hi-C on WTC-11 with GFP tagged AAVS1,clone 6,raw file,4DN,
416,553.67,reads,fastq,1,1,induced pluripotent stem cell,human,released,Correspondence: biren@ucsd.edu,sn-Hi-C,"Biorep 1, Techrep 1",MboI,WTC-11 AAVS1-GFP C6,Single nucleus Hi-C on WTC-11 with GFP tagged AAVS1,clone 6,raw file,4DN,
417,535.45,reads,fastq,1,1,induced pluripotent stem cell,human,released,Correspondence: biren@ucsd.edu,sn-Hi-C,"Biorep 1, Techrep 1",MboI,WTC-11 AAVS1-GFP C6,Single nucleus Hi-C on WTC-11 with GFP tagged AAVS1,clone 6,raw file,4DN,
418,5808.82,reads,fastq,2,1,immortalized cell line,human,released,Kim HJ et al. (2020),sci-Hi-C,,,multiple,multiple,multiple,raw file,4DN,
419,6118.06,reads,fastq,2,1,immortalized cell line,human,released,Kim HJ et al. (2020),sci-Hi-C,,,multiple,multiple,multiple,raw file,4DN,
420,29754.82,reads,fastq,2,1,immortalized cell line,human,released,Kim HJ et al. (2020),sci-Hi-C,,,multiple,multiple,multiple,raw file,4DN,
421,27780.02,reads,fastq,2,1,immortalized cell line,human,released,Kim HJ et al. (2020),sci-Hi-C,,,multiple,multiple,multiple,raw file,4DN,
422,30383.02,reads,fastq,2,1,immortalized cell line,human,released,Kim HJ et al. (2020),sci-Hi-C,,,multiple,multiple,multiple,raw file,4DN,
423,28517.94,reads,fastq,2,1,immortalized cell line,human,released,Kim HJ et al. (2020),sci-Hi-C,,,multiple,multiple,multiple,raw file,4DN,
424,0.0,barcodes,txt,2,1,immortalized cell line,human,released,Kim HJ et al. (2020),,,,,,,,4DN,
425,5066.45,reads,fastq,2,2,immortalized cell line,human,released,Kim HJ et al. (2020),sci-Hi-C,,,multiple,multiple,multiple,raw file,4DN,
426,27838.7,reads,fastq,2,2,immortalized cell line,human,released,Kim HJ et al. (2020),sci-Hi-C,,,multiple,multiple,multiple,raw file,4DN,
427,8885.28,reads,fastq,2,2,immortalized cell line,human,released,Kim HJ et al. (2020),sci-Hi-C,,,multiple,multiple,multiple,raw file,4DN,
428,9710.63,reads,fastq,2,2,immortalized cell line,human,released,Kim HJ et al. (2020),sci-Hi-C,,,multiple,multiple,multiple,raw file,4DN,
429,5287.87,reads,fastq,2,2,immortalized cell line,human,released,Kim HJ et al. (2020),sci-Hi-C,,,multiple,multiple,multiple,raw file,4DN,
430,29280.85,reads,fastq,2,2,immortalized cell line,human,released,Kim HJ et al. (2020),sci-Hi-C,,,multiple,multiple,multiple,raw file,4DN,
